1368, 39.95860513207179, 116.45978074058401, 0.0, 2008-02-02T15:52:24-0300, 0
1368, 39.95541199942109, 116.45624152845684, 0.0, 2008-02-02T15:52:23-0300, 0
1368, 39.95324667438671, 116.45383350075409, 0.0, 2008-02-02T15:52:23-0300, 0
1368, 39.953671543754744, 116.45298823236648, 0.0, 2008-02-02T15:52:23-0300, 0
1368, 39.954222327937686, 116.45212135729464, 0.0, 2008-02-02T15:52:23-0300, 0
1368, 39.954845569018545, 116.45114048833715, 0.0, 2008-02-02T15:52:23-0300, 0
1368, 39.95510838825498, 116.45073107892419, 0.0, 2008-02-02T15:52:23-0300, 0
1368, 39.95542783190521, 116.44996404163459, 0.0, 2008-02-02T15:52:23-0300, 0
1368, 39.95589628717072, 116.44924953093937, 0.0, 2008-02-02T15:52:23-0300, 0
1368, 39.95662681661457, 116.44810381788247, 0.0, 2008-02-02T15:52:23-0300, 0
1368, 39.95737485492322, 116.44696853563865, 0.0, 2008-02-02T15:52:23-0300, 0
1368, 39.957492574099284, 116.44680052504242, 0.0, 2008-02-02T15:52:23-0300, 0
1368, 39.95765350664377, 116.44677053645485, 0.0, 2008-02-02T15:52:23-0300, 0
1368, 39.95868895110538, 116.4452934588185, 0.0, 2008-02-02T15:52:23-0300, 0
1368, 39.96111299755677, 116.44152048471989, 0.0, 2008-02-02T15:52:23-0300, 0
1368, 39.95952974914454, 116.44319015986898, 0.0, 2008-02-02T16:02:52-0300, 0
1368, 39.95918180702288, 116.44372194507096, 0.0, 2008-02-02T16:02:51-0300, 0
1368, 39.95834547933218, 116.44493862490964, 0.0, 2008-02-02T16:02:51-0300, 0
1368, 39.95732847505797, 116.44667647287271, 0.0, 2008-02-02T16:02:51-0300, 0
1368, 39.957160091932714, 116.44694115475434, 0.0, 2008-02-02T16:02:51-0300, 0
1368, 39.95660129837545, 116.44781995075539, 0.0, 2008-02-02T16:02:51-0300, 0
1368, 39.9557692547687, 116.44912752767938, 0.0, 2008-02-02T16:02:51-0300, 0
1368, 39.95532277871645, 116.44966396949434, 0.0, 2008-02-02T16:02:51-0300, 0
1368, 39.95482284474722, 116.45029521994952, 0.0, 2008-02-02T16:02:51-0300, 0
1368, 39.95431154864233, 116.45105145389702, 0.0, 2008-02-02T16:02:51-0300, 0
1368, 39.95330553397474, 116.45257696030833, 0.0, 2008-02-02T16:02:51-0300, 0
1368, 39.953671543754744, 116.45298823236648, 0.0, 2008-02-02T16:02:51-0300, 0
1368, 39.95508566398365, 116.45341906219913, 0.0, 2008-02-02T16:02:51-0300, 0
1368, 39.95324667438671, 116.45383350075409, 0.0, 2008-02-02T16:02:51-0300, 0
1368, 39.953006579421604, 116.45346264809659, 0.0, 2008-02-02T16:02:51-0300, 0
1368, 39.95238687736661, 116.45392812312978, 0.0, 2008-02-02T16:02:51-0300, 0
1368, 39.951785988028035, 116.45453255149422, 0.0, 2008-02-02T16:02:51-0300, 0
1368, 39.95118230472168, 116.45494736257822, 0.0, 2008-02-02T16:02:51-0300, 0
1368, 39.95054118224698, 116.45522731815042, 0.0, 2008-02-02T16:02:51-0300, 0
1368, 39.949810094009564, 116.45554936950391, 0.0, 2008-02-02T16:02:51-0300, 0
1368, 39.947380273358085, 116.45557954435601, 0.0, 2008-02-02T16:02:51-0300, 0
1368, 39.94288105389955, 116.4555326056972, 0.0, 2008-02-02T16:02:51-0300, 0
1368, 39.94038957969225, 116.45554024254248, 0.0, 2008-02-02T16:02:51-0300, 0
1368, 39.93671495325971, 116.45552236114865, 0.0, 2008-02-02T16:02:51-0300, 0
1368, 39.93325546234672, 116.45550634240001, 0.0, 2008-02-02T16:02:51-0300, 0
1368, 39.929158015455855, 116.45548250054156, 0.0, 2008-02-02T16:02:51-0300, 0
1368, 39.92309901691449, 116.45543258165046, 0.0, 2008-02-02T16:02:51-0300, 0
1368, 39.91510603387146, 116.4554985192902, 0.0, 2008-02-02T16:02:51-0300, 0
1368, 39.91317856862795, 116.45561959122762, 0.0, 2008-02-02T16:02:51-0300, 0
1368, 39.909521823589245, 116.45557824050438, 0.0, 2008-02-02T16:02:51-0300, 0
1368, 39.908480046133995, 116.45494978401697, 0.0, 2008-02-02T16:02:51-0300, 0
1368, 39.9070962870217, 116.45491234484864, 0.0, 2008-02-02T16:02:51-0300, 0
1368, 39.90713912786109, 116.45111552889158, 0.0, 2008-02-02T16:02:51-0300, 0
1368, 39.90713838280302, 116.44746809707883, 0.0, 2008-02-02T16:02:51-0300, 0
1368, 39.90716427357117, 116.44412017861278, 0.0, 2008-02-02T16:02:51-0300, 0
1368, 39.90722760350766, 116.43482297140709, 0.0, 2008-02-02T16:02:51-0300, 0
1368, 39.907230397475445, 116.43064915606341, 0.0, 2008-02-02T16:02:51-0300, 0
1368, 39.90722741724314, 116.42893868898463, 0.0, 2008-02-02T16:02:51-0300, 0
1368, 39.90719314457163, 116.42695422679829, 0.0, 2008-02-02T16:02:51-0300, 0
1368, 39.90716874391963, 116.42467304523304, 0.0, 2008-02-02T16:02:51-0300, 0
1368, 39.90711007059612, 116.420895973315, 0.0, 2008-02-02T16:02:51-0300, 0
1368, 39.907081385860174, 116.41893758816133, 0.0, 2008-02-02T16:02:51-0300, 0
1368, 39.90705754400173, 116.41610934770351, 0.0, 2008-02-02T16:02:51-0300, 0
1368, 39.90695118696134, 116.41191504326272, 0.0, 2008-02-02T16:02:51-0300, 0
1368, 39.906875377302065, 116.40996504001241, 0.0, 2008-02-02T16:02:51-0300, 0
1368, 39.90682676226258, 116.40789172965046, 0.0, 2008-02-02T16:02:51-0300, 0
1368, 39.90680478304933, 116.40707644985042, 0.0, 2008-02-02T16:02:51-0300, 0
1368, 39.90675616800985, 116.40523913663415, 0.0, 2008-02-02T16:02:51-0300, 0
1368, 39.90668426990548, 116.40304233289605, 0.0, 2008-02-02T16:02:51-0300, 0
1368, 39.90665502637599, 116.40184595588995, 0.0, 2008-02-02T16:02:51-0300, 0
1368, 39.9066073426591, 116.40040724874453, 0.0, 2008-02-02T16:02:51-0300, 0
1368, 39.90638643293946, 116.39311722799653, 0.0, 2008-02-02T16:02:51-0300, 0
1368, 39.90609865425748, 116.38625095902944, 0.0, 2008-02-02T16:02:51-0300, 0
1368, 39.906062146411735, 116.38522948440678, 0.0, 2008-02-02T16:02:51-0300, 0
1368, 39.90592561451925, 116.3796963106028, 0.0, 2008-02-02T16:02:51-0300, 0
1368, 39.90581869868529, 116.37609749382952, 0.0, 2008-02-02T16:02:51-0300, 0
1368, 39.90582335529827, 116.37450698110105, 0.0, 2008-02-02T16:02:51-0300, 0
1368, 39.90583471743393, 116.37307050912985, 0.0, 2008-02-02T16:02:51-0300, 0
1368, 39.90584328560181, 116.37201159533885, 0.0, 2008-02-02T16:02:51-0300, 0
1368, 39.90583229599518, 116.37017186068383, 0.0, 2008-02-02T16:02:51-0300, 0
1368, 39.90583266852422, 116.3679651849262, 0.0, 2008-02-02T16:02:51-0300, 0
1368, 39.90584067789854, 116.36567301375433, 0.0, 2008-02-02T16:02:51-0300, 0
1368, 39.90585408894392, 116.36152136388841, 0.0, 2008-02-02T16:02:51-0300, 0
1368, 39.90585222629873, 116.358145692009, 0.0, 2008-02-02T16:02:51-0300, 0
1368, 39.90584887353738, 116.35701692902335, 0.0, 2008-02-02T16:02:51-0300, 0
1368, 39.90556966302327, 116.35701916419758, 0.0, 2008-02-02T16:02:51-0300, 0
1368, 39.903403592930815, 116.35706386768216, 0.0, 2008-02-02T16:02:51-0300, 0
1368, 39.902619233040944, 116.35719741934234, 0.0, 2008-02-02T16:02:51-0300, 0
1368, 39.90416709119455, 116.35719183140677, 0.0, 2008-02-02T16:02:51-0300, 0
1368, 39.90572128234181, 116.35716817581284, 0.0, 2008-02-02T16:02:51-0300, 0
1368, 39.90570358721249, 116.3621896809829, 0.0, 2008-02-02T16:02:51-0300, 0
1368, 39.90568719593482, 116.36572665793582, 0.0, 2008-02-02T16:02:51-0300, 0
1368, 39.90567210850877, 116.36797338056505, 0.0, 2008-02-02T16:02:51-0300, 0
1368, 39.905640257276005, 116.37071742946023, 0.0, 2008-02-02T16:02:51-0300, 0
1368, 39.905638022101776, 116.37186370131069, 0.0, 2008-02-02T16:02:51-0300, 0
1368, 39.905628150082265, 116.37541464810255, 0.0, 2008-02-02T16:02:51-0300, 0
1368, 39.905636345721106, 116.37613195276555, 0.0, 2008-02-02T16:02:51-0300, 0
1368, 39.90565348205686, 116.37752744654254, 0.0, 2008-02-02T16:02:51-0300, 0
1368, 39.90578647492349, 116.38240571429742, 0.0, 2008-02-02T16:02:51-0300, 0
1368, 39.905801376085016, 116.38544853148122, 0.0, 2008-02-02T16:02:51-0300, 0
1368, 39.90587271539582, 116.38746819766168, 0.0, 2008-02-02T16:02:51-0300, 0
1368, 39.90592468319665, 116.38946588462888, 0.0, 2008-02-02T16:02:51-0300, 0
1368, 39.9061632880456, 116.39412491904478, 0.0, 2008-02-02T16:02:51-0300, 0
1368, 39.90625344007284, 116.396869340469, 0.0, 2008-02-02T16:02:51-0300, 0
1368, 39.90646298765681, 116.40053521246914, 0.0, 2008-02-02T16:02:51-0300, 0
1368, 39.90657549142634, 116.40478465120758, 0.0, 2008-02-02T16:02:51-0300, 0
1368, 39.90661497950438, 116.40581692917236, 0.0, 2008-02-02T16:02:51-0300, 0
1368, 39.906731767357854, 116.40982347897791, 0.0, 2008-02-02T16:02:51-0300, 0
1368, 39.90678038239733, 116.41192659166292, 0.0, 2008-02-02T16:02:51-0300, 0
1368, 39.906865691547075, 116.41660928167275, 0.0, 2008-02-02T16:02:51-0300, 0
1368, 39.9069450402322, 116.42069518016342, 0.0, 2008-02-02T16:02:51-0300, 0
1368, 39.90698136181343, 116.42279400876448, 0.0, 2008-02-02T16:02:51-0300, 0
1368, 39.907031839498096, 116.42605475543562, 0.0, 2008-02-02T16:02:51-0300, 0
1368, 39.907097590873335, 116.42895936434626, 0.0, 2008-02-02T16:02:51-0300, 0
1368, 39.907108580479964, 116.43064785221178, 0.0, 2008-02-02T16:02:51-0300, 0
1368, 39.907087346324786, 116.43338016644225, 0.0, 2008-02-02T16:02:51-0300, 0
1368, 39.90707468033749, 116.43486059683995, 0.0, 2008-02-02T16:02:51-0300, 0
1368, 39.907069278666434, 116.43766834820066, 0.0, 2008-02-02T16:02:51-0300, 0
1368, 39.907034633465884, 116.44422932962095, 0.0, 2008-02-02T16:02:51-0300, 0
1368, 39.907308442308945, 116.44419338056878, 0.0, 2008-02-02T16:02:51-0300, 0
1368, 39.911958163498895, 116.44417251894264, 0.0, 2008-02-02T16:02:51-0300, 0
1368, 39.91199392628656, 116.44720397399077, 0.0, 2008-02-02T16:02:51-0300, 0
1368, 39.912015905499814, 116.44945945105239, 0.0, 2008-02-02T16:02:51-0300, 0
1368, 39.91203471821624, 116.45139418061214, 0.0, 2008-02-02T16:02:51-0300, 0
1368, 39.912148712101924, 116.45155082907269, 0.0, 2008-02-02T16:02:51-0300, 0
1368, 39.913216566589846, 116.4530899327939, 0.0, 2008-02-02T17:54:56-0300, 0
1368, 39.913226997402916, 116.45139567072829, 0.0, 2008-02-02T17:54:55-0300, 0
1368, 39.912112949314256, 116.44944585374249, 0.0, 2008-02-02T17:54:55-0300, 0
1368, 39.912092646481675, 116.44741333531022, 0.0, 2008-02-02T17:59:57-0300, 0
1368, 39.91317745104084, 116.44848286617882, 0.0, 2008-02-02T17:59:56-0300, 0
1368, 39.913226997402916, 116.45139567072829, 0.0, 2008-02-02T17:59:56-0300, 0
1368, 39.91203471821624, 116.45139418061214, 0.0, 2008-02-02T17:59:56-0300, 0
1368, 39.912074206294285, 116.45543258165046, 0.0, 2008-02-02T17:59:56-0300, 0
1368, 39.91221204203841, 116.45596734708475, 0.0, 2008-02-02T17:59:56-0300, 0
1368, 39.9143715928727, 116.45589172369, 0.0, 2008-02-02T17:59:56-0300, 0
1368, 39.91498999107607, 116.45564548199576, 0.0, 2008-02-02T17:59:56-0300, 0
1368, 39.91690832935814, 116.45557004486554, 0.0, 2008-02-02T17:59:56-0300, 0
1368, 39.92575570775023, 116.45560897415002, 0.0, 2008-02-02T17:59:56-0300, 0
1368, 39.931176564049196, 116.4556672749445, 0.0, 2008-02-02T17:59:56-0300, 0
1368, 39.93599932497738, 116.45568515633833, 0.0, 2008-02-02T17:59:56-0300, 0
1368, 39.93956535919529, 116.45567379420267, 0.0, 2008-02-02T17:59:56-0300, 0
1368, 39.94288813195128, 116.455686832719, 0.0, 2008-02-02T17:59:56-0300, 0
1368, 39.94347989432841, 116.45569707726756, 0.0, 2008-02-02T17:59:56-0300, 0
1368, 39.94397349530399, 116.45589936053528, 0.0, 2008-02-02T17:59:56-0300, 0
1368, 39.94424953932128, 116.45590289956114, 0.0, 2008-02-02T17:59:56-0300, 0
1368, 39.945125168825506, 116.45590103691595, 0.0, 2008-02-02T17:59:56-0300, 0
1368, 39.945525078747984, 116.45590327209018, 0.0, 2008-02-02T17:59:56-0300, 0
1368, 39.945730528512534, 116.4561182213452, 0.0, 2008-02-02T17:59:56-0300, 0
1368, 39.94580708322988, 116.4570277509919, 0.0, 2008-02-02T18:24:41-0300, 0
1368, 39.94589984296039, 116.45835786592271, 0.0, 2008-02-02T18:24:40-0300, 0
1368, 39.945960192664565, 116.45905747545639, 0.0, 2008-02-02T18:24:40-0300, 0
1368, 39.94634128987062, 116.46011191889893, 0.0, 2008-02-02T18:24:40-0300, 0
1368, 39.946647695004515, 116.4613557933574, 0.0, 2008-02-02T18:24:40-0300, 0
1368, 39.94689393669875, 116.46191868473407, 0.0, 2008-02-02T18:24:40-0300, 0
1368, 39.94727708281451, 116.46249722233036, 0.0, 2008-02-02T18:24:40-0300, 0
1368, 39.947532637734696, 116.46248679151729, 0.0, 2008-02-02T18:24:40-0300, 0
1368, 39.95000548549009, 116.46224762787479, 0.0, 2008-02-02T18:24:40-0300, 0
1368, 39.950224718829055, 116.46224818666835, 0.0, 2008-02-02T18:24:40-0300, 0
1368, 39.952572583092135, 116.46206788261387, 0.0, 2008-02-02T18:29:43-0300, 0
1368, 39.95406456189002, 116.46201032687746, 0.0, 2008-02-02T18:29:42-0300, 0
1368, 39.9571472396809, 116.46169479478213, 0.0, 2008-02-02T18:34:45-0300, 0
1368, 39.95749480927351, 116.46157167393501, 0.0, 2008-02-02T18:34:44-0300, 0
1368, 39.95856843796153, 116.45984332546242, 0.0, 2008-02-02T18:34:44-0300, 0
1368, 39.955488554138434, 116.45632273978717, 0.0, 2008-02-02T18:34:44-0300, 0
1368, 39.95414074407832, 116.45483243736996, 0.0, 2008-02-02T18:34:44-0300, 0
1368, 39.953181109275995, 116.45376029879809, 0.0, 2008-02-02T18:34:44-0300, 0
1368, 39.954098089503454, 116.45231693503969, 0.0, 2008-02-02T18:34:44-0300, 0
1368, 39.95434395866865, 116.45193006363355, 0.0, 2008-02-02T18:34:44-0300, 0
1368, 39.95504896987339, 116.45082365239017, 0.0, 2008-02-02T18:34:44-0300, 0
1368, 39.95529781927089, 116.4501622270829, 0.0, 2008-02-02T18:34:44-0300, 0
1368, 39.95555598189434, 116.44976846388955, 0.0, 2008-02-02T18:34:44-0300, 0
1368, 39.95617587021386, 116.44881814231317, 0.0, 2008-02-02T18:34:44-0300, 0
1368, 39.95699841433015, 116.44754539685425, 0.0, 2008-02-02T18:34:44-0300, 0
1368, 39.957437998595196, 116.44687223688227, 0.0, 2008-02-02T18:34:44-0300, 0
1368, 39.95876997617118, 116.44487808894094, 0.0, 2008-02-02T18:34:44-0300, 0
1368, 39.96238574301569, 116.43933075903351, 0.0, 2008-02-02T18:34:44-0300, 0
1368, 39.96374808170828, 116.4372442238907, 0.0, 2008-02-02T18:34:44-0300, 0
1368, 39.96464569042576, 116.4358740620883, 0.0, 2008-02-02T18:34:44-0300, 0
1368, 39.96566139084834, 116.43432937043151, 0.0, 2008-02-02T18:34:44-0300, 0
1368, 39.966531059887956, 116.43298211916496, 0.0, 2008-02-02T18:34:44-0300, 0
1368, 39.967326409384455, 116.43174718540342, 0.0, 2008-02-02T18:34:44-0300, 0
1368, 39.967697448306474, 116.43104589948906, 0.0, 2008-02-02T18:34:44-0300, 0
1368, 39.96813125837143, 116.42959117359499, 0.0, 2008-02-02T18:34:44-0300, 0
1368, 39.968259780889596, 116.42841491315696, 0.0, 2008-02-02T18:34:44-0300, 0
1368, 39.96819961744993, 116.42595286874368, 0.0, 2008-02-02T18:34:44-0300, 0
1368, 39.96810313242904, 116.42232853373129, 0.0, 2008-02-02T18:34:44-0300, 0
1368, 39.96791258382602, 116.41518342677914, 0.0, 2008-02-02T18:34:44-0300, 0
1368, 39.96772147642944, 116.40815436262237, 0.0, 2008-02-02T18:34:44-0300, 0
1368, 39.96762406008595, 116.40435363511041, 0.0, 2008-02-02T18:34:44-0300, 0
1368, 39.96754880922024, 116.40142071399288, 0.0, 2008-02-02T18:34:44-0300, 0
1368, 39.96747020559319, 116.39839838590618, 0.0, 2008-02-02T18:34:44-0300, 0
1368, 39.967594816556456, 116.39679110937098, 0.0, 2008-02-02T18:34:44-0300, 0
1368, 39.96758010165945, 116.39607920637904, 0.0, 2008-02-02T18:34:44-0300, 0
1368, 39.96753316300064, 116.39491151410888, 0.0, 2008-02-02T18:55:27-0300, 0
1368, 39.967435932921674, 116.3927636979393, 0.0, 2008-02-02T18:55:26-0300, 0
1368, 39.9673981212243, 116.39128177742545, 0.0, 2008-02-02T18:55:26-0300, 0
1368, 39.96767938064812, 116.3903083590487, 0.0, 2008-02-02T18:55:26-0300, 0
1368, 39.96781907903744, 116.38990341998421, 0.0, 2008-02-02T18:55:26-0300, 0
1368, 39.96798988360144, 116.38866662357748, 0.0, 2008-02-02T18:55:26-0300, 0
1368, 39.96866825897995, 116.38853195433018, 0.0, 2008-02-02T18:55:26-0300, 0
1368, 39.97035302155509, 116.38830731932016, 0.0, 2008-02-02T18:55:26-0300, 0
1368, 39.97396282793498, 116.38816799345987, 0.0, 2008-02-02T18:55:26-0300, 0
1368, 39.97484646681353, 116.3881242212979, 0.0, 2008-02-02T19:05:31-0300, 0
1368, 39.975273198826756, 116.38816668960824, 0.0, 2008-02-02T19:05:30-0300, 0
1368, 39.975438229190665, 116.38823188218993, 0.0, 2008-02-02T19:05:30-0300, 0
1368, 39.975554271986056, 116.38773679109819, 0.0, 2008-02-02T19:05:30-0300, 0
1368, 39.975550732960194, 116.38748868675877, 0.0, 2008-02-02T19:05:30-0300, 0
1368, 39.97548274641073, 116.38200654943302, 0.0, 2008-02-02T19:05:30-0300, 0
1368, 39.975482187617175, 116.38180557001692, 0.0, 2008-02-02T19:05:30-0300, 0
1368, 39.97544642482951, 116.37824829023141, 0.0, 2008-02-02T19:05:30-0300, 0
1368, 39.975412897216074, 116.37492682132707, 0.0, 2008-02-02T19:05:30-0300, 0
1368, 39.97541252468703, 116.37322473615166, 0.0, 2008-02-02T19:10:33-0300, 0
1368, 39.97537638937033, 116.36771465914804, 0.0, 2008-02-02T19:10:32-0300, 0
1368, 39.97535701786035, 116.36537219655601, 0.0, 2008-02-02T19:10:32-0300, 0
1368, 39.975428543435676, 116.36454127053636, 0.0, 2008-02-02T19:10:32-0300, 0
1368, 39.975688196175284, 116.36395062574634, 0.0, 2008-02-02T19:10:32-0300, 0
1368, 39.97896272642082, 116.3636339760639, 0.0, 2008-02-02T19:10:32-0300, 0
1368, 39.980568326575344, 116.36355723508203, 0.0, 2008-02-02T19:10:32-0300, 0
1368, 39.98050499663886, 116.35975501745392, 0.0, 2008-02-02T19:10:32-0300, 0
1368, 39.98043440238612, 116.3588365471103, 0.0, 2008-02-02T19:10:32-0300, 0
1368, 39.98031016395189, 116.35451949435144, 0.0, 2008-02-02T19:10:32-0300, 0
1368, 39.98022988394417, 116.35211724084878, 0.0, 2008-02-02T19:10:32-0300, 0
1368, 39.980114213677815, 116.3487456667888, 0.0, 2008-02-02T19:10:32-0300, 0
1368, 39.98017288700132, 116.34791064294973, 0.0, 2008-02-02T19:10:32-0300, 0
1368, 39.980758316384815, 116.3477171141144, 0.0, 2008-02-02T19:10:32-0300, 0
1368, 39.98321272395282, 116.34752339901455, 0.0, 2008-02-02T19:10:32-0300, 0
1368, 39.98528379914054, 116.34745522620057, 0.0, 2008-02-02T19:10:32-0300, 0
1368, 39.98697359085769, 116.3473812791865, 0.0, 2008-02-02T19:10:32-0300, 0
1368, 39.98924005752593, 116.3472700792686, 0.0, 2008-02-02T19:10:32-0300, 0
1368, 39.9906528739032, 116.3471832800027, 0.0, 2008-02-02T19:10:32-0300, 0
1368, 39.99194219690432, 116.3471121269564, 0.0, 2008-02-02T19:10:32-0300, 0
1368, 39.992104247035925, 116.34710449011112, 0.0, 2008-02-02T19:10:32-0300, 0
1368, 39.99664593480481, 116.34686048359112, 0.0, 2008-02-02T19:10:32-0300, 0
1368, 39.999477341759444, 116.34670159995633, 0.0, 2008-02-02T19:10:32-0300, 0
1368, 39.999697133891964, 116.34668278723991, 0.0, 2008-02-02T19:10:32-0300, 0
1368, 40.0062759967061, 116.34638662665456, 0.0, 2008-02-02T19:10:32-0300, 0
1368, 40.006468407954316, 116.34639444976436, 0.0, 2008-02-02T19:10:32-0300, 0
1368, 40.01124907310119, 116.34619160770308, 0.0, 2008-02-02T19:10:32-0300, 0
1368, 40.01218039569662, 116.34614764927657, 0.0, 2008-02-02T19:10:32-0300, 0
1368, 40.013935566259974, 116.3460649478301, 0.0, 2008-02-02T19:10:32-0300, 0
1368, 40.01383367956803, 116.33953097476507, 0.0, 2008-02-02T19:10:32-0300, 0
1368, 40.013588182931876, 116.33124406631092, 0.0, 2008-02-02T19:10:32-0300, 0
1368, 40.013510696891935, 116.32880549122703, 0.0, 2008-02-02T19:10:32-0300, 0
1368, 40.01328345417865, 116.32733474658433, 0.0, 2008-02-02T19:10:32-0300, 0
1368, 40.013362430334745, 116.32566656155139, 0.0, 2008-02-02T19:10:32-0300, 0
1368, 40.01492388579824, 116.32405798116456, 0.0, 2008-02-02T19:10:32-0300, 0
1368, 40.015857071038866, 116.32327324874565, 0.0, 2008-02-02T19:10:32-0300, 0
1368, 40.01736190208857, 116.32228753691064, 0.0, 2008-02-02T19:10:32-0300, 0
1368, 40.018762052478536, 116.32145251307158, 0.0, 2008-02-02T19:10:32-0300, 0
1368, 40.02021323934674, 116.32054503233459, 0.0, 2008-02-02T19:10:32-0300, 0
1368, 40.023710355692586, 116.3184108134749, 0.0, 2008-02-02T19:10:32-0300, 0
1368, 40.024791434961365, 116.31787437165993, 0.0, 2008-02-02T19:10:32-0300, 0
1368, 40.027213991296605, 116.31713322513848, 0.0, 2008-02-02T19:10:32-0300, 0
1368, 40.02791509094644, 116.31717066430681, 0.0, 2008-02-02T19:10:32-0300, 0
1368, 40.0284299260772, 116.31753499770615, 0.0, 2008-02-02T19:10:32-0300, 0
1368, 40.02889949892982, 116.31837654080338, 0.0, 2008-02-02T19:10:32-0300, 0
1368, 40.02909861570072, 116.3185514431868, 0.0, 2008-02-02T19:10:32-0300, 0
1368, 40.02960637277975, 116.31861235168455, 0.0, 2008-02-02T19:10:32-0300, 0
1368, 40.02992544390094, 116.31854138490277, 0.0, 2008-02-02T19:10:32-0300, 0
1368, 40.0330097980725, 116.31761397386225, 0.0, 2008-02-02T19:10:32-0300, 0
1368, 40.03370307461254, 116.31745304131775, 0.0, 2008-02-02T19:10:32-0300, 0
1368, 40.03418754862668, 116.31740722024605, 0.0, 2008-02-02T19:10:32-0300, 0
1368, 40.03466866987948, 116.31740107351693, 0.0, 2008-02-02T19:10:32-0300, 0
1368, 40.03820806827116, 116.31717736982951, 0.0, 2008-02-02T19:10:32-0300, 0
1368, 40.03915708599591, 116.31704027914346, 0.0, 2008-02-02T19:10:32-0300, 0
1368, 40.042410382086274, 116.3165889602137, 0.0, 2008-02-02T19:10:32-0300, 0
1368, 40.044021942705406, 116.31332784101355, 0.0, 2008-02-02T19:10:32-0300, 0
1368, 40.04205778335164, 116.30893218462762, 0.0, 2008-02-02T19:10:32-0300, 0
1368, 40.04102457406427, 116.30891150926601, 0.0, 2008-02-02T19:10:32-0300, 0
1368, 40.04013478845659, 116.31058304706029, 0.0, 2008-02-02T19:10:32-0300, 0
1368, 40.04030112267213, 116.31229519051973, 0.0, 2008-02-02T19:10:32-0300, 0
1368, 40.04193782900135, 116.31689033620559, 0.0, 2008-02-02T19:10:32-0300, 0
1368, 40.03902316180668, 116.31701476090434, 0.0, 2008-02-02T19:10:32-0300, 0
1368, 40.036798232126195, 116.31711478495109, 0.0, 2008-02-02T19:10:32-0300, 0
1368, 40.034735538841836, 116.31720903479776, 0.0, 2008-02-02T19:10:32-0300, 0
1368, 40.035189651739366, 116.31594150474537, 0.0, 2008-02-02T19:10:32-0300, 0
1368, 40.03555119117091, 116.31497777212361, 0.0, 2008-02-02T19:10:32-0300, 0
1368, 40.036079251082526, 116.31320714160518, 0.0, 2008-02-02T19:10:32-0300, 0
1368, 40.03638453862931, 116.31041112490917, 0.0, 2008-02-02T19:10:32-0300, 0
1368, 40.036348030783564, 116.30995254166318, 0.0, 2008-02-02T20:24:52-0300, 0
1368, 40.03609228959886, 116.30883663092933, 0.0, 2008-02-02T20:24:51-0300, 0
1368, 40.03522224803021, 116.30527599838248, 0.0, 2008-02-02T20:24:51-0300, 0
1368, 40.03503523845304, 116.30449797148626, 0.0, 2008-02-02T20:24:51-0300, 0
1368, 40.03446023988263, 116.30473992909654, 0.0, 2008-02-02T20:24:51-0300, 0
1368, 40.03171823989715, 116.30566193846603, 0.0, 2008-02-02T20:24:51-0300, 0
1368, 40.02973582662052, 116.3063164719861, 0.0, 2008-02-02T20:24:51-0300, 0
1368, 40.02813935342743, 116.30689016670487, 0.0, 2008-02-02T20:24:51-0300, 0
1368, 40.02776328536339, 116.30701496393267, 0.0, 2008-02-02T20:24:51-0300, 0
1368, 40.02715867073444, 116.30720569880022, 0.0, 2008-02-02T20:24:51-0300, 0
1368, 40.02497453298363, 116.30743871571359, 0.0, 2008-02-02T20:24:51-0300, 0
1368, 40.021551549916374, 116.30782744976493, 0.0, 2008-02-02T20:24:51-0300, 0
1368, 40.01870077145176, 116.30817613694465, 0.0, 2008-02-02T20:24:51-0300, 0
1368, 40.01817476044986, 116.30844845567155, 0.0, 2008-02-02T20:24:51-0300, 0
1368, 40.01763608346066, 116.30895509516347, 0.0, 2008-02-02T20:24:51-0300, 0
1368, 40.01672282852358, 116.3100220183288, 0.0, 2008-02-02T20:24:51-0300, 0
1368, 40.016081519784365, 116.31064637699679, 0.0, 2008-02-02T20:24:51-0300, 0
1368, 40.01529511098478, 116.3112545306516, 0.0, 2008-02-02T20:24:51-0300, 0
1368, 40.014293939194694, 116.31174105357545, 0.0, 2008-02-02T20:24:51-0300, 0
1368, 40.012225844239275, 116.31208340776153, 0.0, 2008-02-02T20:24:51-0300, 0
1368, 40.01135561640611, 116.31218417686635, 0.0, 2008-02-02T20:24:51-0300, 0
1368, 40.00599548234035, 116.31287186547083, 0.0, 2008-02-02T20:24:51-0300, 0
1368, 40.00544283551223, 116.31274371548169, 0.0, 2008-02-02T20:24:51-0300, 0
1368, 40.00512339186199, 116.31232853186864, 0.0, 2008-02-02T20:24:51-0300, 0
1368, 40.00492818664599, 116.31086635539381, 0.0, 2008-02-02T20:24:51-0300, 0
1368, 40.00464934866092, 116.31001587159967, 0.0, 2008-02-02T20:24:51-0300, 0
1368, 40.00418536374387, 116.30938406235093, 0.0, 2008-02-02T20:24:51-0300, 0
1368, 40.00362358995431, 116.30900538658362, 0.0, 2008-02-02T20:24:51-0300, 0
1368, 40.00271499163021, 116.30889791195611, 0.0, 2008-02-02T20:24:51-0300, 0
1368, 40.000838376600406, 116.30901898389352, 0.0, 2008-02-02T20:24:51-0300, 0
1368, 39.998595938055125, 116.30899365191893, 0.0, 2008-02-02T20:24:51-0300, 0
1368, 39.99787006522425, 116.30895975177646, 0.0, 2008-02-02T20:24:51-0300, 0
1368, 39.99697152518417, 116.30900333767391, 0.0, 2008-02-02T20:24:51-0300, 0
1368, 39.99287333323523, 116.30939710086727, 0.0, 2008-02-02T20:24:51-0300, 0
1368, 39.991651810519066, 116.30960739350931, 0.0, 2008-02-02T20:24:51-0300, 0
1368, 39.99082591364144, 116.30968618340088, 0.0, 2008-02-02T20:24:51-0300, 0
1368, 39.99073427149805, 116.30969773180107, 0.0, 2008-02-02T20:24:51-0300, 0
1368, 39.98943209624511, 116.30978434480245, 0.0, 2008-02-02T20:24:51-0300, 0
1368, 39.98848941151402, 116.30984078295172, 0.0, 2008-02-02T20:24:51-0300, 0
1368, 39.98548533735019, 116.3100795740652, 0.0, 2008-02-02T20:24:51-0300, 0
1368, 39.9845085662121, 116.31012483634333, 0.0, 2008-02-02T20:24:51-0300, 0
1368, 39.98393207752553, 116.31019338168636, 0.0, 2008-02-02T20:24:51-0300, 0
1368, 39.98213536997442, 116.31039361604438, 0.0, 2008-02-02T20:24:51-0300, 0
1368, 39.981307796716116, 116.31046085753577, 0.0, 2008-02-02T20:24:51-0300, 0
1368, 39.98047277287706, 116.3105206484464, 0.0, 2008-02-02T20:24:51-0300, 0
1368, 39.97947215988052, 116.31060130098317, 0.0, 2008-02-02T20:24:51-0300, 0
1368, 39.97847173314851, 116.31066612103581, 0.0, 2008-02-02T20:24:51-0300, 0
1368, 39.977532214914234, 116.31058528223451, 0.0, 2008-02-02T20:24:51-0300, 0
1368, 39.9771356577531, 116.3106553176937, 0.0, 2008-02-02T20:24:51-0300, 0
1368, 39.97647944785236, 116.31084288606442, 0.0, 2008-02-02T20:24:51-0300, 0
1368, 39.974847770665164, 116.31132344852365, 0.0, 2008-02-02T20:24:51-0300, 0
1368, 39.974742158682844, 116.31135697613709, 0.0, 2008-02-02T20:24:51-0300, 0
1368, 39.974608234493616, 116.31139963071196, 0.0, 2008-02-02T20:24:51-0300, 0
1368, 39.97264537899149, 116.31222999793805, 0.0, 2008-02-02T20:24:51-0300, 0
1368, 39.97211340752497, 116.31245202524481, 0.0, 2008-02-02T20:24:51-0300, 0
1368, 39.96979013017841, 116.31343289420231, 0.0, 2008-02-02T20:24:51-0300, 0
1368, 39.96843952615051, 116.3139499645073, 0.0, 2008-02-02T20:24:51-0300, 0
1368, 39.96735975073337, 116.31436421679774, 0.0, 2008-02-02T20:24:51-0300, 0
1368, 39.9655673272662, 116.3150576796023, 0.0, 2008-02-02T20:24:51-0300, 0
1368, 39.96539149356018, 116.31512473482917, 0.0, 2008-02-02T20:24:51-0300, 0
1368, 39.96420219460582, 116.31562336494677, 0.0, 2008-02-02T20:24:51-0300, 0
1368, 39.96315240777624, 116.31598490437831, 0.0, 2008-02-02T20:24:51-0300, 0
1368, 39.96194131587315, 116.3162540566084, 0.0, 2008-02-02T20:24:51-0300, 0
1368, 39.959098919311884, 116.31666216216972, 0.0, 2008-02-02T20:24:51-0300, 0
1368, 39.955482221144784, 116.31712409817705, 0.0, 2008-02-02T20:24:51-0300, 0
1368, 39.955468437570374, 116.31744428688536, 0.0, 2008-02-02T20:24:51-0300, 0
1368, 39.955745599174776, 116.32185689334251, 0.0, 2008-02-02T20:24:51-0300, 0
1368, 39.95607528737356, 116.32730699317098, 0.0, 2008-02-02T20:24:51-0300, 0
1368, 39.95617847791713, 116.32920316597529, 0.0, 2008-02-02T20:24:51-0300, 0
1368, 39.956483206670356, 116.33463389429377, 0.0, 2008-02-02T20:24:51-0300, 0
1368, 39.956583044452586, 116.3365732804665, 0.0, 2008-02-02T20:24:51-0300, 0
1368, 39.955945833532795, 116.34031831488724, 0.0, 2008-02-02T20:24:51-0300, 0
1368, 39.95305556699013, 116.34118686633975, 0.0, 2008-02-02T20:24:51-0300, 0
1368, 39.952512047123435, 116.34135599452308, 0.0, 2008-02-02T20:24:51-0300, 0
1368, 39.952100030007216, 116.34147706646048, 0.0, 2008-02-02T20:24:51-0300, 0
1368, 39.95118603001206, 116.34173522908394, 0.0, 2008-02-02T20:24:51-0300, 0
1368, 39.94856528822851, 116.34245290627598, 0.0, 2008-02-02T20:24:51-0300, 0
1368, 39.944007022917425, 116.34372695558653, 0.0, 2008-02-02T20:24:51-0300, 0
1368, 39.94311202190322, 116.34391079866687, 0.0, 2008-02-02T20:24:51-0300, 0
1368, 39.94286838791225, 116.34378208988417, 0.0, 2008-02-02T20:24:51-0300, 0
1368, 39.94272291532285, 116.34414418810928, 0.0, 2008-02-02T20:24:51-0300, 0
1368, 39.942435881698934, 116.3447299900218, 0.0, 2008-02-02T20:24:51-0300, 0
1368, 39.94219038506278, 116.34500435765842, 0.0, 2008-02-02T20:24:51-0300, 0
1368, 39.94157794732402, 116.34532883045067, 0.0, 2008-02-02T20:24:51-0300, 0
1368, 39.94142372030222, 116.34539514061947, 0.0, 2008-02-02T20:24:51-0300, 0
1368, 39.94100872295369, 116.34545735296884, 0.0, 2008-02-02T20:24:51-0300, 0
1368, 39.9389359713853, 116.34583621500066, 0.0, 2008-02-02T20:24:51-0300, 0
1368, 39.938894806926584, 116.34543313858136, 0.0, 2008-02-02T20:24:51-0300, 0
1368, 39.938761441530914, 116.34429487610522, 0.0, 2008-02-02T20:24:51-0300, 0
1368, 39.938532336172436, 116.34279097637813, 0.0, 2008-02-02T20:24:51-0300, 0
1368, 39.93845522266154, 116.34247376790212, 0.0, 2008-02-02T21:18:08-0300, 0
1368, 39.938310122601166, 116.34189075995738, 0.0, 2008-02-02T21:18:07-0300, 0
1368, 39.937561525498964, 116.33971407278733, 0.0, 2008-02-02T21:18:07-0300, 0
1368, 39.93728604027523, 116.33863858145412, 0.0, 2008-02-02T21:18:07-0300, 0
1368, 39.93708096303972, 116.33483394238726, 0.0, 2008-02-02T21:18:07-0300, 0
1368, 39.93686638631373, 116.32959115496854, 0.0, 2008-02-02T21:18:07-0300, 0
1368, 39.93689525731419, 116.32782778876636, 0.0, 2008-02-02T21:18:07-0300, 0
1368, 39.937087668562405, 116.32469556461339, 0.0, 2008-02-02T21:18:07-0300, 0
1368, 39.937301872759356, 116.32341313339948, 0.0, 2008-02-02T21:18:07-0300, 0
1368, 39.93737637856699, 116.32244884198417, 0.0, 2008-02-02T21:23:20-0300, 0
1368, 39.93744511017453, 116.32161121044184, 0.0, 2008-02-02T21:23:19-0300, 0
1368, 39.937601386106046, 116.31958595632581, 0.0, 2008-02-02T21:23:19-0300, 0
1368, 39.93924666060314, 116.31948742239521, 0.0, 2008-02-02T21:23:19-0300, 0
1368, 39.93976391717264, 116.31942241607805, 0.0, 2008-02-02T21:23:19-0300, 0
1368, 39.94046278164825, 116.31934343992197, 0.0, 2008-02-02T21:23:19-0300, 0
1368, 39.942587687281986, 116.31904392657528, 0.0, 2008-02-02T21:28:32-0300, 0
1368, 39.945233574775614, 116.31866320189826, 0.0, 2008-02-02T21:28:31-0300, 0
1368, 39.94686487943377, 116.31844937023035, 0.0, 2008-02-02T21:28:31-0300, 0
1368, 39.95024632551326, 116.31801090355242, 0.0, 2008-02-02T21:28:31-0300, 0
1368, 39.95238706363113, 116.31779278780057, 0.0, 2008-02-02T21:28:31-0300, 0
1368, 39.95553009112619, 116.31727739387625, 0.0, 2008-02-02T21:28:31-0300, 0
1368, 39.96132161381814, 116.31653699241289, 0.0, 2008-02-02T21:28:31-0300, 0
1368, 39.96247067963639, 116.31632800362247, 0.0, 2008-02-02T21:28:31-0300, 0
1368, 39.9631538978924, 116.31617079636837, 0.0, 2008-02-02T21:28:31-0300, 0
1368, 39.96410421946878, 116.3158861841832, 0.0, 2008-02-02T21:28:31-0300, 0
1368, 39.96548257691002, 116.31532739062594, 0.0, 2008-02-02T21:28:31-0300, 0
1368, 39.965858086180496, 116.31517446745578, 0.0, 2008-02-02T21:28:31-0300, 0
1368, 39.96577929628892, 116.31480398732731, 0.0, 2008-02-02T21:28:31-0300, 0
1368, 39.96528401893267, 116.3132989700131, 0.0, 2008-02-02T21:28:31-0300, 0
1368, 39.963851085987336, 116.30939169919621, 0.0, 2008-02-02T21:28:31-0300, 0
1368, 39.963150917660094, 116.30793790462474, 0.0, 2008-02-02T21:28:31-0300, 0
1368, 39.96216408823798, 116.30445568944042, 0.0, 2008-02-02T21:28:31-0300, 0
1368, 39.961896612388564, 116.30365251683412, 0.0, 2008-02-02T21:28:31-0300, 0
1368, 39.961184336867575, 116.30233842065196, 0.0, 2008-02-02T21:28:31-0300, 0
1368, 39.961036070310385, 116.30187331814781, 0.0, 2008-02-02T21:28:31-0300, 0
1368, 39.960292688614715, 116.30054059551374, 0.0, 2008-02-02T21:28:31-0300, 0
1368, 39.959187394958455, 116.29809438358458, 0.0, 2008-02-02T21:28:31-0300, 0
1368, 39.95861779805909, 116.29631462610472, 0.0, 2008-02-02T21:28:31-0300, 0
1368, 39.95809998269603, 116.29362664282978, 0.0, 2008-02-02T21:28:31-0300, 0
1368, 39.95941258876203, 116.29319674431973, 0.0, 2008-02-02T21:28:31-0300, 0
1368, 39.9613884827805, 116.29260852096844, 0.0, 2008-02-02T21:28:31-0300, 0
1368, 39.96457341979236, 116.29166658129543, 0.0, 2008-02-02T21:28:31-0300, 0
1368, 39.96228497391086, 116.29224437383364, 0.0, 2008-02-02T21:28:31-0300, 0
1368, 39.960095248224484, 116.29289965241178, 0.0, 2008-02-02T21:28:31-0300, 0
1368, 39.95819553639432, 116.2934707394273, 0.0, 2008-02-02T21:28:31-0300, 0
1368, 39.957920982493185, 116.2935517644931, 0.0, 2008-02-02T21:28:31-0300, 0
1368, 39.95834883209353, 116.29560644840315, 0.0, 2008-02-02T21:28:31-0300, 0
1368, 39.95871316549286, 116.29708389856854, 0.0, 2008-02-02T21:28:31-0300, 0
1368, 39.95934534727064, 116.29876381826618, 0.0, 2008-02-02T21:28:31-0300, 0
1368, 39.960677697375665, 116.30191168863874, 0.0, 2008-02-02T21:28:31-0300, 0
1368, 39.95932038782508, 116.30199941922723, 0.0, 2008-02-02T21:28:31-0300, 0
1368, 39.95855167415481, 116.30221809377264, 0.0, 2008-02-02T21:28:31-0300, 0
1368, 39.95631109825472, 116.30272883108397, 0.0, 2008-02-02T21:28:31-0300, 0
1368, 39.955647996566775, 116.30329824171882, 0.0, 2008-02-02T21:28:31-0300, 0
1368, 39.95564427127639, 116.30447748238916, 0.0, 2008-02-02T21:28:31-0300, 0
1368, 39.95561987062439, 116.31140596370561, 0.0, 2008-02-02T21:28:31-0300, 0
1368, 39.95558354904317, 116.31367075399318, 0.0, 2008-02-02T21:28:31-0300, 0
1368, 39.955482221144784, 116.31712409817705, 0.0, 2008-02-02T21:28:31-0300, 0
1368, 39.953209421482896, 116.31744316929824, 0.0, 2008-02-02T21:28:31-0300, 0
1368, 39.95188098293277, 116.31764042342395, 0.0, 2008-02-02T21:28:31-0300, 0
1368, 39.95023943372606, 116.31786375458233, 0.0, 2008-02-02T21:28:31-0300, 0
1368, 39.948375857212596, 116.31810813363138, 0.0, 2008-02-02T21:28:31-0300, 0
1368, 39.94738902779048, 116.31823144074302, 0.0, 2008-02-02T21:28:31-0300, 0
1368, 39.94679354012296, 116.31120163152818, 0.0, 2008-02-02T21:28:31-0300, 0
1368, 39.94464292998559, 116.31146109800326, 0.0, 2008-02-02T22:07:00-0300, 0
1368, 39.94737803818386, 116.31809025223755, 0.0, 2008-02-02T22:06:59-0300, 0
1368, 39.94709342599869, 116.31827148761462, 0.0, 2008-02-02T22:06:59-0300, 0
1368, 39.94639102249722, 116.3183668550484, 0.0, 2008-02-02T22:06:59-0300, 0
1368, 39.94518644985228, 116.318392187023, 0.0, 2008-02-02T22:06:59-0300, 0
1368, 39.94679354012296, 116.31120163152818, 0.0, 2008-02-02T22:06:59-0300, 0
1368, 39.94738902779048, 116.31823144074302, 0.0, 2008-02-02T22:06:59-0300, 0
1368, 39.9467890697745, 116.31831283833786, 0.0, 2008-02-02T22:06:59-0300, 0
1368, 39.945251642433966, 116.31852126833472, 0.0, 2008-02-02T22:06:59-0300, 0
1368, 39.945233574775614, 116.31866320189826, 0.0, 2008-02-02T22:06:59-0300, 0
1368, 39.94686487943377, 116.31844937023035, 0.0, 2008-02-02T22:06:59-0300, 0
1368, 39.95024632551326, 116.31801090355242, 0.0, 2008-02-02T22:06:59-0300, 0
1368, 39.95238706363113, 116.31779278780057, 0.0, 2008-02-02T22:06:59-0300, 0
1368, 39.95553009112619, 116.31727739387625, 0.0, 2008-02-02T22:06:59-0300, 0
1368, 39.96132161381814, 116.31653699241289, 0.0, 2008-02-02T22:06:59-0300, 0
1368, 39.96247067963639, 116.31632800362247, 0.0, 2008-02-02T22:06:59-0300, 0
1368, 39.9631538978924, 116.31617079636837, 0.0, 2008-02-02T22:06:59-0300, 0
1368, 39.96410421946878, 116.3158861841832, 0.0, 2008-02-02T22:06:59-0300, 0
1368, 39.96548257691002, 116.31532739062594, 0.0, 2008-02-02T22:06:59-0300, 0
1368, 39.96557235640822, 116.31603985241145, 0.0, 2008-02-02T22:06:59-0300, 0
1368, 39.96565002871267, 116.31784065778197, 0.0, 2008-02-02T22:06:59-0300, 0
1368, 39.96569827122312, 116.31968672543064, 0.0, 2008-02-02T22:06:59-0300, 0
1368, 39.965915641916894, 116.3216175434355, 0.0, 2008-02-02T22:06:59-0300, 0
1368, 39.96618516667601, 116.32915678611003, 0.0, 2008-02-02T22:06:59-0300, 0
1368, 39.96619317605033, 116.33786204467405, 0.0, 2008-02-02T22:06:59-0300, 0
1368, 39.9662036068634, 116.33927039070286, 0.0, 2008-02-02T22:06:59-0300, 0
1368, 39.966233781715495, 116.34328643999889, 0.0, 2008-02-02T22:06:59-0300, 0
1368, 39.9662894748067, 116.34677685082205, 0.0, 2008-02-02T22:06:59-0300, 0
1368, 39.96627196594191, 116.3532037217886, 0.0, 2008-02-02T22:06:59-0300, 0
1368, 39.96629506274227, 116.35723578983327, 0.0, 2008-02-02T22:06:59-0300, 0
1368, 39.966336972259064, 116.36013089925343, 0.0, 2008-02-02T22:06:59-0300, 0
1368, 39.96634926571733, 116.36113262983709, 0.0, 2008-02-02T22:06:59-0300, 0
1368, 39.96659085079858, 116.37226789531711, 0.0, 2008-02-02T22:06:59-0300, 0
1368, 39.966673552245055, 116.3730114632773, 0.0, 2008-02-02T22:06:59-0300, 0
1368, 39.96682461277003, 116.37353523910497, 0.0, 2008-02-02T22:06:59-0300, 0
1368, 39.96705204174784, 116.37394576610504, 0.0, 2008-02-02T22:06:59-0300, 0
1368, 39.96740017013401, 116.37430786433013, 0.0, 2008-02-02T22:06:59-0300, 0
1368, 39.96779598223707, 116.37452244105613, 0.0, 2008-02-02T22:06:59-0300, 0
1368, 39.968707560793476, 116.37472062650444, 0.0, 2008-02-02T22:06:59-0300, 0
1368, 39.971494264263534, 116.37500318977989, 0.0, 2008-02-02T22:06:59-0300, 0
1368, 39.972720816121715, 116.37499238643778, 0.0, 2008-02-02T22:06:59-0300, 0
1368, 39.97475296202495, 116.37521888409299, 0.0, 2008-02-02T22:06:59-0300, 0
1368, 39.9755458900827, 116.37522838358346, 0.0, 2008-02-02T22:06:59-0300, 0
1368, 39.97621886379016, 116.3751438194918, 0.0, 2008-02-02T22:06:59-0300, 0
1368, 39.97680764593499, 116.37502721790285, 0.0, 2008-02-02T22:06:59-0300, 0
1368, 39.98144395607957, 116.37373938501788, 0.0, 2008-02-02T22:06:59-0300, 0
1368, 39.98391158842843, 116.3730036401675, 0.0, 2008-02-02T22:06:59-0300, 0
1368, 39.98941421485128, 116.37142393078112, 0.0, 2008-02-02T22:06:59-0300, 0
1368, 39.99090488979753, 116.37089102799202, 0.0, 2008-02-02T22:06:59-0300, 0
1368, 39.99242480827328, 116.36982950649775, 0.0, 2008-02-02T22:06:59-0300, 0
1368, 39.999634362749035, 116.3643298603072, 0.0, 2008-02-02T22:06:59-0300, 0
1368, 40.004013627857276, 116.36111381712065, 0.0, 2008-02-02T22:06:59-0300, 0
1368, 40.011515617628, 116.35569668611207, 0.0, 2008-02-02T22:06:59-0300, 0
1368, 40.01904983116053, 116.34974776990148, 0.0, 2008-02-02T22:06:59-0300, 0
1368, 40.02112016129017, 116.34851171855283, 0.0, 2008-02-02T22:06:59-0300, 0
1368, 40.021647476143706, 116.35062861481224, 0.0, 2008-02-02T22:06:59-0300, 0
1368, 40.02235230108393, 116.35044141897056, 0.0, 2008-02-02T22:06:59-0300, 0
1368, 40.0225784262101, 116.35026707538069, 0.0, 2008-02-02T22:06:59-0300, 0
1368, 40.02294965139664, 116.34973473138514, 0.0, 2008-02-02T22:06:59-0300, 0
1368, 40.024037622452624, 116.34658481210288, 0.0, 2008-02-02T22:06:59-0300, 0
1368, 40.02446863854979, 116.34583081332961, 0.0, 2008-02-02T22:06:59-0300, 0
1368, 40.02502389308118, 116.3453886213613, 0.0, 2008-02-02T22:06:59-0300, 0
1368, 40.02577956823512, 116.34483988608807, 0.0, 2008-02-02T22:06:59-0300, 0
1368, 40.026248768558695, 116.34706500203308, 0.0, 2008-02-02T22:06:59-0300, 0
1368, 40.026999228306096, 116.35234858138148, 0.0, 2008-02-02T22:06:59-0300, 0
1368, 40.02919584577968, 116.35300441875319, 0.0, 2008-02-02T22:06:59-0300, 0
1368, 40.02928506648433, 116.35438333498799, 0.0, 2008-02-02T22:06:59-0300, 0
1368, 40.029426254989794, 116.35512857932885, 0.0, 2008-02-02T22:06:59-0300, 0
1368, 40.033675134934676, 116.35794787908974, 0.0, 2008-02-02T22:06:59-0300, 0
1368, 40.037100725705194, 116.35536196877126, 0.0, 2008-02-02T22:06:59-0300, 0
1368, 40.03619380376176, 116.35110694209725, 0.0, 2008-02-02T22:06:59-0300, 0
1368, 40.03553144713189, 116.34862347726427, 0.0, 2008-02-02T22:06:59-0300, 0
1368, 40.03349185064789, 116.34954269266596, 0.0, 2008-02-02T22:06:59-0300, 0
1368, 40.03094114432352, 116.34160093236568, 0.0, 2008-02-02T22:06:59-0300, 0
1368, 40.02962555802522, 116.34234226515164, 0.0, 2008-02-02T22:06:59-0300, 0
1368, 40.02825073960984, 116.34338329754881, 0.0, 2008-02-02T22:06:59-0300, 0
1368, 40.02788323971368, 116.34253523519341, 0.0, 2008-02-02T22:06:59-0300, 0
1368, 40.025638193465134, 116.3442136647749, 0.0, 2008-02-02T22:06:59-0300, 0
1368, 40.02428200150167, 116.34522787508132, 0.0, 2008-02-02T22:06:59-0300, 0
1368, 40.02366453462089, 116.34538191583862, 0.0, 2008-02-02T22:06:59-0300, 0
1368, 40.022909231995996, 116.34514610495745, 0.0, 2008-02-02T22:06:59-0300, 0
1368, 40.022160076100235, 116.34464840616245, 0.0, 2008-02-02T22:06:59-0300, 0
1368, 40.021725520977206, 116.34468267883396, 0.0, 2008-02-02T22:06:59-0300, 0
1368, 40.02138745087506, 116.34479704524868, 0.0, 2008-02-02T22:06:59-0300, 0
1368, 40.020860136021525, 116.34545139250423, 0.0, 2008-02-02T22:06:59-0300, 0
1368, 40.02064574556006, 116.3455555143704, 0.0, 2008-02-02T22:06:59-0300, 0
1368, 40.01399479837704, 116.34591519115676, 0.0, 2008-02-02T22:06:59-0300, 0
1368, 40.007027015247054, 116.34626667230427, 0.0, 2008-02-02T22:06:59-0300, 0
1368, 40.00644885017981, 116.34623519360055, 0.0, 2008-02-02T22:06:59-0300, 0
1368, 40.0062642620414, 116.34616050152839, 0.0, 2008-02-02T22:06:59-0300, 0
1368, 39.99969303607254, 116.34648422926257, 0.0, 2008-02-02T22:06:59-0300, 0
1368, 39.99947547911425, 116.3464952188692, 0.0, 2008-02-02T22:06:59-0300, 0
1368, 39.99445546406035, 116.3467705178284, 0.0, 2008-02-02T22:06:59-0300, 0
1368, 39.99203123134444, 116.34689810902398, 0.0, 2008-02-02T22:06:59-0300, 0
1368, 39.991857260283616, 116.34690574586926, 0.0, 2008-02-02T22:06:59-0300, 0
1368, 39.98815525296678, 116.34707114876221, 0.0, 2008-02-02T22:06:59-0300, 0
1368, 39.985720403173275, 116.34721606255806, 0.0, 2008-02-02T22:06:59-0300, 0
1368, 39.98396784031319, 116.34729671509483, 0.0, 2008-02-02T22:06:59-0300, 0
1368, 39.98115505981047, 116.34751501711119, 0.0, 2008-02-02T22:06:59-0300, 0
1368, 39.977940320475554, 116.34772679986939, 0.0, 2008-02-02T22:06:59-0300, 0
1368, 39.976670555248944, 116.34765583308761, 0.0, 2008-02-02T22:06:59-0300, 0
1368, 39.97599720901245, 116.34763105990658, 0.0, 2008-02-02T22:06:59-0300, 0
1368, 39.97530821655634, 116.34734551639882, 0.0, 2008-02-02T22:06:59-0300, 0
1368, 39.975158459883, 116.34422986978807, 0.0, 2008-02-02T22:06:59-0300, 0
1368, 39.9751253047986, 116.33954196437169, 0.0, 2008-02-02T22:06:59-0300, 0
1368, 39.97503515277136, 116.33945944918975, 0.0, 2008-02-02T22:06:59-0300, 0
1368, 39.97491333577588, 116.33946149809945, 0.0, 2008-02-02T22:06:59-0300, 0
1368, 39.972807429123094, 116.3394931630677, 0.0, 2008-02-02T22:06:59-0300, 0
1368, 39.972794763135795, 116.33834297966233, 0.0, 2008-02-02T22:06:59-0300, 0
1368, 39.97279457687127, 116.33779834220853, 0.0, 2008-02-02T22:06:59-0300, 0
1368, 39.972341022767296, 116.3374779672357, 0.0, 2008-02-02T22:06:59-0300, 0
1368, 39.97188895877947, 116.33734925845302, 0.0, 2008-02-02T22:06:59-0300, 0
1368, 39.971329792693176, 116.33700317897654, 0.0, 2008-02-02T22:06:59-0300, 0
1368, 39.971842392649705, 116.3370104432928, 0.0, 2008-02-02T22:06:59-0300, 0
1368, 39.971842392649705, 116.3370104432928, 0.0, 2008-02-02T22:06:59-0300, 0
1368, 39.971329792693176, 116.33700317897654, 0.0, 2008-02-02T22:06:59-0300, 0
1368, 39.97188895877947, 116.33734925845302, 0.0, 2008-02-02T22:06:59-0300, 0
1368, 39.972341022767296, 116.3374779672357, 0.0, 2008-02-02T22:06:59-0300, 0
1368, 39.97279457687127, 116.33779834220853, 0.0, 2008-02-02T22:06:59-0300, 0
1368, 39.972794763135795, 116.33834297966233, 0.0, 2008-02-02T22:06:59-0300, 0
1368, 39.972807429123094, 116.3394931630677, 0.0, 2008-02-02T22:06:59-0300, 0
1368, 39.97491333577588, 116.33946149809945, 0.0, 2008-02-02T22:06:59-0300, 0
1368, 39.97503515277136, 116.33945944918975, 0.0, 2008-02-02T22:06:59-0300, 0
1368, 39.975123255888896, 116.33927970392882, 0.0, 2008-02-02T22:06:59-0300, 0
1368, 39.97511543277909, 116.33731293687178, 0.0, 2008-02-02T22:06:59-0300, 0
1368, 39.975134618024555, 116.33181738850067, 0.0, 2008-02-02T22:06:59-0300, 0
1368, 39.97517261598645, 116.32906607528923, 0.0, 2008-02-02T22:06:59-0300, 0
1368, 39.97519142870288, 116.32751076655487, 0.0, 2008-02-02T22:06:59-0300, 0
1368, 39.975026770868006, 116.3275180308711, 0.0, 2008-02-02T22:06:59-0300, 0
1368, 39.971848166849796, 116.32769367831261, 0.0, 2008-02-02T22:06:59-0300, 0
1368, 39.97075535291631, 116.3277521653716, 0.0, 2008-02-02T22:06:59-0300, 0
1368, 39.96641408576997, 116.32795873272326, 0.0, 2008-02-02T22:06:59-0300, 0
1368, 39.966346285485024, 116.32591112686495, 0.0, 2008-02-02T22:06:59-0300, 0
1368, 39.96614009066239, 116.32424331436106, 0.0, 2008-02-02T22:06:59-0300, 0
1368, 39.9659966669827, 116.32057557971572, 0.0, 2008-02-02T22:06:59-0300, 0
1368, 39.965858644974055, 116.3164971318058, 0.0, 2008-02-02T22:06:59-0300, 0
1368, 39.965731240043, 116.31536836882015, 0.0, 2008-02-02T22:06:59-0300, 0
1368, 39.96543880474803, 116.31417366819471, 0.0, 2008-02-02T22:06:59-0300, 0
1368, 39.96399506846059, 116.31022374280298, 0.0, 2008-02-02T22:06:59-0300, 0
1368, 39.963150917660094, 116.30793790462474, 0.0, 2008-02-02T22:06:59-0300, 0
1368, 39.96216408823798, 116.30445568944042, 0.0, 2008-02-02T22:06:59-0300, 0
1368, 39.961896612388564, 116.30365251683412, 0.0, 2008-02-02T22:06:59-0300, 0
1368, 39.961780569593174, 116.30292999676459, 0.0, 2008-02-02T22:06:59-0300, 0
1368, 39.961917474014705, 116.30248482456396, 0.0, 2008-02-02T22:06:59-0300, 0
1368, 39.96220935051611, 116.30214898963605, 0.0, 2008-02-02T23:28:20-0300, 0
1368, 39.96440764437037, 116.30171983618408, 0.0, 2008-02-02T23:28:19-0300, 0
1368, 39.96571112347494, 116.30145664441861, 0.0, 2008-02-02T23:28:19-0300, 0
1368, 39.9670730896385, 116.30130949544854, 0.0, 2008-02-02T23:28:19-0300, 0
1368, 39.96860213507568, 116.30107536094805, 0.0, 2008-02-02T23:28:19-0300, 0
1368, 39.96939487686891, 116.30085650013811, 0.0, 2008-02-02T23:28:19-0300, 0
1368, 39.97255876599011, 116.30051172451329, 0.0, 2008-02-02T23:28:19-0300, 0
1368, 39.974193237145094, 116.3002883933549, 0.0, 2008-02-02T23:28:19-0300, 0
1368, 39.97429232986925, 116.30027814880636, 0.0, 2008-02-02T23:28:19-0300, 0
1368, 39.97438155057389, 116.30290261588028, 0.0, 2008-02-02T23:28:19-0300, 0
1368, 39.974455870117005, 116.30518472876813, 0.0, 2008-02-02T23:28:19-0300, 0
1368, 39.97456688377038, 116.30829050335937, 0.0, 2008-02-02T23:28:19-0300, 0
1368, 39.974678642481834, 116.31137727896967, 0.0, 2008-02-02T23:28:19-0300, 0
1368, 39.97474513891515, 116.31154286812715, 0.0, 2008-02-02T23:28:19-0300, 0
1368, 39.97484404537478, 116.31150766413303, 0.0, 2008-02-02T23:28:19-0300, 0
1368, 39.97557830010902, 116.31126403014207, 0.0, 2008-02-02T23:28:19-0300, 0
1368, 39.976170807544236, 116.31110849926863, 0.0, 2008-02-02T23:28:19-0300, 0
1368, 39.97716713645683, 116.31102505276408, 0.0, 2008-02-02T23:28:19-0300, 0
1368, 39.97777081976319, 116.31094998816289, 0.0, 2008-02-02T23:28:19-0300, 0
1368, 39.979516118307025, 116.3107685665213, 0.0, 2008-02-02T23:28:19-0300, 0
1368, 39.98137075412357, 116.31061378070594, 0.0, 2008-02-02T23:28:19-0300, 0
1368, 39.98265858700854, 116.31051636436246, 0.0, 2008-02-02T23:28:19-0300, 0
1368, 39.98393580281591, 116.31040963479302, 0.0, 2008-02-02T23:28:19-0300, 0
1368, 39.98452980036728, 116.31032767840462, 0.0, 2008-02-02T23:28:19-0300, 0
1368, 39.988931417217806, 116.30998048134104, 0.0, 2008-02-02T23:28:19-0300, 0
1368, 39.990645982116, 116.30984525330018, 0.0, 2008-02-02T23:28:19-0300, 0
1368, 39.99083187410605, 116.30982793069991, 0.0, 2008-02-02T23:28:19-0300, 0
1368, 39.992636963560514, 116.30965917504562, 0.0, 2008-02-02T23:28:19-0300, 0
1368, 39.993960559233145, 116.30946732259096, 0.0, 2008-02-02T23:28:19-0300, 0
1368, 39.9943437053489, 116.30943137353877, 0.0, 2008-02-02T23:28:19-0300, 0
1368, 39.99579861750749, 116.30928739106552, 0.0, 2008-02-02T23:28:19-0300, 0
1368, 39.99729003751181, 116.30913335030824, 0.0, 2008-02-02T23:28:19-0300, 0
1368, 39.998596496848684, 116.30914117341804, 0.0, 2008-02-02T23:28:19-0300, 0
1368, 39.998973496235315, 116.30908603912039, 0.0, 2008-02-02T23:28:19-0300, 0
1368, 40.00178851191227, 116.30902624820976, 0.0, 2008-02-02T23:28:19-0300, 0
1368, 40.0031970442056, 116.30901320969343, 0.0, 2008-02-02T23:28:19-0300, 0
1368, 40.00359937556683, 116.30912291949517, 0.0, 2008-02-02T23:28:19-0300, 0
1368, 40.00411607334277, 116.3094589406876, 0.0, 2008-02-02T23:28:19-0300, 0
1368, 40.00457093129838, 116.31008776970404, 0.0, 2008-02-02T23:28:19-0300, 0
1368, 40.00480860482474, 116.31075943955986, 0.0, 2008-02-02T23:28:19-0300, 0
1368, 40.00497829180162, 116.31224266392535, 0.0, 2008-02-02T23:28:19-0300, 0
1368, 40.00531431299405, 116.31279326184377, 0.0, 2008-02-02T23:28:19-0300, 0
1368, 40.005734153220075, 116.31300355448582, 0.0, 2008-02-02T23:28:19-0300, 0
1368, 40.00893026610308, 116.31258520437595, 0.0, 2008-02-02T23:28:19-0300, 0
1368, 40.011457689362565, 116.31228624982282, 0.0, 2008-02-02T23:28:19-0300, 0
1368, 40.01436285706676, 116.31183753859634, 0.0, 2008-02-02T23:28:19-0300, 0
1368, 40.01504235003238, 116.31155274014665, 0.0, 2008-02-02T23:28:19-0300, 0
1368, 40.01612398809472, 116.31073969552084, 0.0, 2008-02-02T23:28:19-0300, 0
1368, 40.01706033983216, 116.30977056122804, 0.0, 2008-02-02T23:28:19-0300, 0
1368, 40.01775249878509, 116.30899458324151, 0.0, 2008-02-02T23:28:19-0300, 0
1368, 40.01849979203566, 116.30837543998008, 0.0, 2008-02-02T23:28:19-0300, 0
1368, 40.01941341950178, 116.30818135235118, 0.0, 2008-02-02T23:28:19-0300, 0
1368, 40.02055112318436, 116.30811001304038, 0.0, 2008-02-02T23:28:19-0300, 0
1368, 40.021561980729444, 116.30799303892239, 0.0, 2008-02-02T23:28:19-0300, 0
1368, 40.024897046943686, 116.30759666802578, 0.0, 2008-02-02T23:28:19-0300, 0
1368, 40.027154572915016, 116.30736942531249, 0.0, 2008-02-02T23:28:19-0300, 0
1368, 40.02800040009619, 116.30805562380081, 0.0, 2008-02-02T23:28:19-0300, 0
1368, 40.02833567623054, 116.31005163438734, 0.0, 2008-02-02T23:28:19-0300, 0
1368, 40.02857912395699, 116.31147339146152, 0.0, 2008-02-02T23:28:19-0300, 0
1368, 40.0292418531159, 116.31523742486323, 0.0, 2008-02-02T23:28:19-0300, 0
1368, 40.029776804814716, 116.31836722757743, 0.0, 2008-02-02T23:28:19-0300, 0
1368, 40.02981685168632, 116.31938534943876, 0.0, 2008-02-02T23:28:19-0300, 0
1368, 40.02982467479612, 116.32056030602516, 0.0, 2008-02-02T23:28:19-0300, 0
1368, 40.02979543126662, 116.32164138529393, 0.0, 2008-02-02T23:28:19-0300, 0
1368, 40.02963561630925, 116.32404158988687, 0.0, 2008-02-02T23:28:19-0300, 0
1368, 40.02958960897303, 116.327409624921, 0.0, 2008-02-02T23:28:19-0300, 0
1368, 40.0295717275792, 116.32871887822566, 0.0, 2008-02-02T23:28:19-0300, 0
1368, 40.029585138624576, 116.33112616087033, 0.0, 2008-02-02T23:28:19-0300, 0
1368, 40.02943258798344, 116.33608992403947, 0.0, 2008-02-02T23:28:19-0300, 0
1368, 40.02941154009279, 116.33867136400949, 0.0, 2008-02-02T23:28:19-0300, 0
1368, 40.02957340395987, 116.33954717977824, 0.0, 2008-02-02T23:28:19-0300, 0
1368, 40.03010183640052, 116.34141746181437, 0.0, 2008-02-02T23:28:19-0300, 0
1368, 40.03072489121686, 116.34092572348399, 0.0, 2008-02-02T23:28:19-0300, 0
1368, 40.03200788122433, 116.34506787385943, 0.0, 2008-02-02T23:28:19-0300, 0
1368, 40.03434438335175, 116.3439052107313, 0.0, 2008-02-02T23:28:19-0300, 0
1368, 40.035410561459, 116.34814310106955, 0.0, 2008-02-02T23:28:19-0300, 0
1368, 40.03586225291779, 116.34979843385067, 0.0, 2008-02-02T23:28:19-0300, 0
1368, 40.03660451702635, 116.35315994962663, 0.0, 2008-02-02T23:28:19-0300, 0
1368, 40.03734156572837, 116.35638269833586, 0.0, 2008-02-02T23:28:19-0300, 0
1368, 40.03930702893377, 116.36373213746545, 0.0, 2008-02-02T23:28:19-0300, 0
1368, 40.03287550135423, 116.36558938098526, 0.0, 2008-02-02T23:28:19-0300, 0
1368, 40.02941973573162, 116.36656652465238, 0.0, 2008-02-02T23:28:19-0300, 0
1368, 40.02760607810928, 116.36702752933712, 0.0, 2008-02-02T23:28:19-0300, 0
1368, 40.02692062467904, 116.36717393324913, 0.0, 2008-02-02T23:28:19-0300, 0
1368, 40.02556461898009, 116.36721491144333, 0.0, 2008-02-02T23:28:19-0300, 0
1368, 40.024337322063836, 116.3675591282746, 0.0, 2008-02-02T23:28:19-0300, 0
1368, 40.02373158984776, 116.36779698806548, 0.0, 2008-02-02T23:28:19-0300, 0
1368, 40.022742338986895, 116.36796183216487, 0.0, 2008-02-02T23:28:19-0300, 0
1368, 40.021190941807426, 116.36801659393348, 0.0, 2008-02-02T23:28:19-0300, 0
1368, 40.01744292715437, 116.36823880750475, 0.0, 2008-02-02T23:28:19-0300, 0
1368, 40.01222845194254, 116.36853161532875, 0.0, 2008-02-02T23:28:19-0300, 0
1368, 40.00876765717792, 116.36873650629974, 0.0, 2008-02-02T23:28:19-0300, 0
1368, 40.008509308289945, 116.3687711515003, 0.0, 2008-02-02T23:28:19-0300, 0
1368, 40.008427351901545, 116.36903676470452, 0.0, 2008-02-02T23:28:19-0300, 0
1368, 40.008488446663804, 116.37616734302418, 0.0, 2008-02-02T23:28:19-0300, 0
1368, 40.00848975051544, 116.38014502182926, 0.0, 2008-02-02T23:28:19-0300, 0
1368, 40.0055255369587, 116.38031638518683, 0.0, 2008-02-02T23:28:19-0300, 0
1368, 40.00532288116193, 116.38032420829663, 0.0, 2008-02-02T23:28:19-0300, 0
1368, 40.00350028284267, 116.38041510538194, 0.0, 2008-02-02T23:28:19-0300, 0
1368, 40.000837817806854, 116.3805443729582, 0.0, 2008-02-02T23:28:19-0300, 0
1368, 40.00048726798193, 116.38055405871319, 0.0, 2008-02-02T23:28:19-0300, 0
1368, 39.99928213654344, 116.38058684126854, 0.0, 2008-02-02T23:28:19-0300, 0
1368, 39.996553175074304, 116.38073399023862, 0.0, 2008-02-02T23:28:19-0300, 0
1368, 39.99630954108334, 116.38074423478717, 0.0, 2008-02-02T23:28:19-0300, 0
1368, 39.99311249687774, 116.38085170941469, 0.0, 2008-02-02T23:28:19-0300, 0
1368, 39.99271929247795, 116.3808684732214, 0.0, 2008-02-02T23:28:19-0300, 0
1368, 39.98911935811756, 116.38110484289612, 0.0, 2008-02-02T23:28:19-0300, 0
1368, 39.98558144984204, 116.38131886082856, 0.0, 2008-02-02T23:28:19-0300, 0
1368, 39.98328611217334, 116.38141087550098, 0.0, 2008-02-02T23:28:19-0300, 0
1368, 39.98110104309993, 116.38148892033448, 0.0, 2008-02-02T23:28:19-0300, 0
1368, 39.98098369645291, 116.37717577913051, 0.0, 2008-02-02T23:28:19-0300, 0
1368, 39.980944208374865, 116.3758259201607, 0.0, 2008-02-02T23:28:19-0300, 0
1368, 39.98091030823239, 116.3746656784713, 0.0, 2008-02-02T23:28:19-0300, 0
1368, 39.98089205430952, 116.3740420648614, 0.0, 2008-02-02T23:28:19-0300, 0
1368, 39.98144395607957, 116.37373938501788, 0.0, 2008-02-02T23:28:19-0300, 0
1368, 39.98391158842843, 116.3730036401675, 0.0, 2008-02-02T23:28:19-0300, 0
1368, 39.98941421485128, 116.37142393078112, 0.0, 2008-02-02T23:28:19-0300, 0
1368, 39.99090488979753, 116.37089102799202, 0.0, 2008-02-02T23:28:19-0300, 0
1368, 39.99242480827328, 116.36982950649775, 0.0, 2008-02-02T23:28:19-0300, 0
1368, 39.999634362749035, 116.3643298603072, 0.0, 2008-02-02T23:28:19-0300, 0
1368, 40.004013627857276, 116.36111381712065, 0.0, 2008-02-02T23:28:19-0300, 0
1368, 40.011515617628, 116.35569668611207, 0.0, 2008-02-02T23:28:19-0300, 0
1368, 40.01904983116053, 116.34974776990148, 0.0, 2008-02-02T23:28:19-0300, 0
1368, 40.02112016129017, 116.34851171855283, 0.0, 2008-02-02T23:28:19-0300, 0
1368, 40.02208054115058, 116.34787841918792, 0.0, 2008-02-02T23:28:19-0300, 0
1368, 40.022484735157, 116.34784265640026, 0.0, 2008-02-02T23:28:19-0300, 0
1368, 40.02273172190931, 116.34817178580549, 0.0, 2008-02-02T23:28:19-0300, 0
1368, 40.02271514436711, 116.34867022965857, 0.0, 2008-02-02T23:28:19-0300, 0
1368, 40.0224271794206, 116.3489360291273, 0.0, 2008-02-02T23:28:19-0300, 0
1368, 40.02210177530576, 116.34884159301612, 0.0, 2008-02-02T23:28:19-0300, 0
1368, 40.02191923607705, 116.34838096086042, 0.0, 2008-02-02T23:28:19-0300, 0
1368, 40.0218279664627, 116.34520347442933, 0.0, 2008-02-02T23:28:19-0300, 0
1368, 40.02188328702487, 116.33879672003083, 0.0, 2008-02-02T23:28:19-0300, 0
1368, 40.02194251914194, 116.33327975124001, 0.0, 2008-02-02T23:28:19-0300, 0
1368, 40.02196095932933, 116.33172742273794, 0.0, 2008-02-02T23:28:19-0300, 0
1368, 40.02173874575806, 116.32928866138954, 0.0, 2008-02-02T23:28:19-0300, 0
1368, 40.02149362165094, 116.32812227297103, 0.0, 2008-02-02T23:28:19-0300, 0
1368, 40.021029264204856, 116.32648649796441, 0.0, 2008-02-02T23:28:19-0300, 0
1368, 40.02004485622149, 116.32340884931554, 0.0, 2008-02-02T23:28:19-0300, 0
1368, 40.018573366520705, 116.31868164208565, 0.0, 2008-02-02T23:28:19-0300, 0
1368, 40.01751799175556, 116.31360984549545, 0.0, 2008-02-02T23:28:19-0300, 0
1368, 40.017046183728716, 116.31059999713153, 0.0, 2008-02-02T23:28:19-0300, 0
1368, 40.01642815805439, 116.30621737926194, 0.0, 2008-02-02T23:28:19-0300, 0
1368, 40.01594107633697, 116.30290522358355, 0.0, 2008-02-02T23:28:19-0300, 0
1368, 40.0152103606286, 116.29948373063245, 0.0, 2008-02-02T23:28:19-0300, 0
1368, 40.013675727255844, 116.29345062285924, 0.0, 2008-02-02T23:28:19-0300, 0
1368, 40.013368204534835, 116.29138941969103, 0.0, 2008-02-02T23:28:19-0300, 0
1368, 40.01316089212509, 116.28853696484573, 0.0, 2008-02-02T23:28:19-0300, 0
1368, 40.012980215541575, 116.28595738752091, 0.0, 2008-02-02T23:28:19-0300, 0
1368, 40.01312308042772, 116.2854527969387, 0.0, 2008-02-02T23:28:19-0300, 0
1368, 40.01365989477172, 116.2848545153034, 0.0, 2008-02-02T23:28:19-0300, 0
1368, 40.01392308653719, 116.2844691340134, 0.0, 2008-02-02T23:28:19-0300, 0
1368, 40.01406185360391, 116.28400328645118, 0.0, 2008-02-02T23:28:19-0300, 0
1368, 40.014075264649286, 116.2834852848236, 0.0, 2008-02-02T23:28:19-0300, 0
1368, 40.01388862760116, 116.28145537409459, 0.0, 2008-02-02T23:28:19-0300, 0
1368, 40.01403801174547, 116.28120130929055, 0.0, 2008-02-02T23:28:19-0300, 0
1368, 40.014640391200196, 116.28088838489849, 0.0, 2008-02-02T23:28:19-0300, 0
1368, 40.015577674260236, 116.28033406168969, 0.0, 2008-02-02T23:28:19-0300, 0
1368, 40.01628082281979, 116.27976744502263, 0.0, 2008-02-02T23:28:19-0300, 0
1368, 40.01914091451036, 116.27725455039564, 0.0, 2008-02-02T23:28:19-0300, 0
1368, 40.020055473299074, 116.27646385751211, 0.0, 2008-02-02T23:28:19-0300, 0
1368, 40.02000145658854, 116.27607288828655, 0.0, 2008-02-02T23:28:19-0300, 0
1368, 40.01981295689522, 116.27213488382402, 0.0, 2008-02-02T23:28:19-0300, 0
1368, 40.019497424799894, 116.26554279622904, 0.0, 2008-02-02T23:28:19-0300, 0
1368, 40.02352688514129, 116.2629885508788, 0.0, 2008-02-02T23:28:19-0300, 0
1368, 40.02517849263203, 116.26351959102271, 0.0, 2008-02-02T23:28:19-0300, 0
1368, 40.02728998722039, 116.26339088224003, 0.0, 2008-02-02T23:28:19-0300, 0
1368, 40.02785679015197, 116.26586913166648, 0.0, 2008-02-02T23:28:19-0300, 0
1368, 40.0282347208612, 116.26639495640386, 0.0, 2008-02-02T23:28:19-0300, 0
1368, 40.0307915739147, 116.2652682423279, 0.0, 2008-02-02T23:28:19-0300, 0
1368, 40.03105383435757, 116.26667863726642, 0.0, 2008-02-02T23:28:19-0300, 0
1368, 40.02706013680384, 116.27013589300519, 0.0, 2008-02-02T23:28:19-0300, 0
1368, 40.02636332123794, 116.27073883125347, 0.0, 2008-02-02T23:28:19-0300, 0
1368, 40.02318415842617, 116.27349088952298, 0.0, 2008-02-02T23:28:19-0300, 0
1368, 40.021940656496746, 116.27455408739792, 0.0, 2008-02-02T23:28:19-0300, 0
1368, 40.02100877510776, 116.2753971206113, 0.0, 2008-02-02T23:28:19-0300, 0
1368, 40.01993868544561, 116.27635414771036, 0.0, 2008-02-02T23:28:19-0300, 0
1368, 40.017151423182, 116.27864333864994, 0.0, 2008-02-02T23:28:19-0300, 0
1368, 40.01580975985102, 116.2797534751837, 0.0, 2008-02-02T23:28:19-0300, 0
1368, 40.01492295447565, 116.28022286177179, 0.0, 2008-02-02T23:28:19-0300, 0
1368, 40.01348536491734, 116.28072763861852, 0.0, 2008-02-02T23:28:19-0300, 0
1368, 40.01268833904017, 116.28092507900875, 0.0, 2008-02-02T23:28:19-0300, 0
1368, 40.01151543136348, 116.28111301990852, 0.0, 2008-02-02T23:28:19-0300, 0
1368, 40.010513887044354, 116.28133523347978, 0.0, 2008-02-02T23:28:19-0300, 0
1368, 40.00996924959055, 116.28144121799114, 0.0, 2008-02-02T23:28:19-0300, 0
1368, 40.00872779657083, 116.28163046274253, 0.0, 2008-02-02T23:28:19-0300, 0
1368, 40.00788513588648, 116.28172508511823, 0.0, 2008-02-02T23:28:19-0300, 0
1368, 40.006953068232974, 116.28190389905654, 0.0, 2008-02-02T23:28:19-0300, 0
1368, 40.006218999763256, 116.28202515725847, 0.0, 2008-02-02T23:28:19-0300, 0
1368, 40.00143740329379, 116.28277226424453, 0.0, 2008-02-02T23:28:19-0300, 0
1368, 40.00087469818163, 116.28281398749681, 0.0, 2008-02-02T23:28:19-0300, 0
1368, 40.000374205418844, 116.2829730573961, 0.0, 2008-02-02T23:28:19-0300, 0
