taxi_id, latitude, longitude, ele, date_time, speed
1368, 39.95860513207179, 116.45978074058401, 0.0, 2008-02-02 15:52:24-0300
1368, 39.955488554138434, 116.45632273978717, 0.0, 2008-02-02 15:52:23-0300
1368, 39.95541199942109, 116.45624152845684, 0.0, 2008-02-02 15:52:23-0300
1368, 39.95414074407832, 116.45483243736996, 0.0, 2008-02-02 15:52:23-0300
1368, 39.95324667438671, 116.45383350075409, 0.0, 2008-02-02 15:52:23-0300
1368, 39.953181109275995, 116.45376029879809, 0.0, 2008-02-02 15:52:23-0300
1368, 39.953671543754744, 116.45298823236648, 0.0, 2008-02-02 15:52:23-0300
1368, 39.954098089503454, 116.45231693503969, 0.0, 2008-02-02 15:52:23-0300
1368, 39.954222327937686, 116.45212135729464, 0.0, 2008-02-02 15:52:23-0300
1368, 39.95434395866865, 116.45193006363355, 0.0, 2008-02-02 15:52:23-0300
1368, 39.954845569018545, 116.45114048833715, 0.0, 2008-02-02 15:52:23-0300
1368, 39.95504896987339, 116.45082365239017, 0.0, 2008-02-02 15:52:23-0300
1368, 39.95510838825498, 116.45073107892419, 0.0, 2008-02-02 15:52:23-0300
1368, 39.95529781927089, 116.4501622270829, 0.0, 2008-02-02 15:52:23-0300
1368, 39.95542783190521, 116.44996404163459, 0.0, 2008-02-02 15:52:23-0300
1368, 39.95555598189434, 116.44976846388955, 0.0, 2008-02-02 15:52:23-0300
1368, 39.95589628717072, 116.44924953093937, 0.0, 2008-02-02 15:52:23-0300
1368, 39.95617587021386, 116.44881814231317, 0.0, 2008-02-02 15:52:23-0300
1368, 39.95662681661457, 116.44810381788247, 0.0, 2008-02-02 15:52:23-0300
1368, 39.95699841433015, 116.44754539685425, 0.0, 2008-02-02 15:52:23-0300
1368, 39.95737485492322, 116.44696853563865, 0.0, 2008-02-02 15:52:23-0300
1368, 39.957437998595196, 116.44687223688227, 0.0, 2008-02-02 15:52:23-0300
1368, 39.957492574099284, 116.44680052504242, 0.0, 2008-02-02 15:52:23-0300
1368, 39.957569873874704, 116.44679847613271, 0.0, 2008-02-02 15:52:23-0300
1368, 39.95765350664377, 116.44677053645485, 0.0, 2008-02-02 15:52:23-0300
1368, 39.958495236005525, 116.44559464854586, 0.0, 2008-02-02 15:52:23-0300
1368, 39.95868895110538, 116.4452934588185, 0.0, 2008-02-02 15:52:23-0300
1368, 39.95954669921577, 116.44395868727473, 0.0, 2008-02-02 15:52:23-0300
1368, 39.96111299755677, 116.44152048471989, 0.0, 2008-02-02 15:52:23-0300
1368, 39.9608293166942, 116.44120383503744, 0.0, 2008-02-02 16:02:52-0300
1368, 39.95952974914454, 116.44319015986898, 0.0, 2008-02-02 16:02:52-0300
1368, 39.95941165743943, 116.44337083645249, 0.0, 2008-02-02 16:02:51-0300
1368, 39.95918180702288, 116.44372194507096, 0.0, 2008-02-02 16:02:51-0300
1368, 39.95906073508547, 116.4438744957121, 0.0, 2008-02-02 16:02:51-0300
1368, 39.95834547933218, 116.44493862490964, 0.0, 2008-02-02 16:02:51-0300
1368, 39.95812792237389, 116.44548028213114, 0.0, 2008-02-02 16:02:51-0300
1368, 39.95732847505797, 116.44667647287271, 0.0, 2008-02-02 16:02:51-0300
1368, 39.95728768312829, 116.44674390062862, 0.0, 2008-02-02 16:02:51-0300
1368, 39.957160091932714, 116.44694115475434, 0.0, 2008-02-02 16:02:51-0300
1368, 39.9568857242961, 116.44736546532882, 0.0, 2008-02-02 16:02:51-0300
1368, 39.95660129837545, 116.44781995075539, 0.0, 2008-02-02 16:02:51-0300
1368, 39.95603747567618, 116.44872221608584, 0.0, 2008-02-02 16:02:51-0300
1368, 39.9557692547687, 116.44912752767938, 0.0, 2008-02-02 16:02:51-0300
1368, 39.95560496946286, 116.44935309401198, 0.0, 2008-02-02 16:02:51-0300
1368, 39.95532277871645, 116.44966396949434, 0.0, 2008-02-02 16:02:51-0300
1368, 39.95513744551996, 116.4498362641745, 0.0, 2008-02-02 16:02:51-0300
1368, 39.95482284474722, 116.45029521994952, 0.0, 2008-02-02 16:02:51-0300
1368, 39.95448812740642, 116.4507837917831, 0.0, 2008-02-02 16:02:51-0300
1368, 39.95431154864233, 116.45105145389702, 0.0, 2008-02-02 16:02:51-0300
1368, 39.95384607360913, 116.45175739642436, 0.0, 2008-02-02 16:02:51-0300
1368, 39.95330553397474, 116.45257696030833, 0.0, 2008-02-02 16:02:51-0300
1368, 39.953476524803264, 116.45276899902751, 0.0, 2008-02-02 16:02:51-0300
1368, 39.953671543754744, 116.45298823236648, 0.0, 2008-02-02 16:02:51-0300
1368, 39.954098089503454, 116.45231693503969, 0.0, 2008-02-02 16:02:51-0300
1368, 39.95508566398365, 116.45341906219913, 0.0, 2008-02-02 16:02:51-0300
1368, 39.95414074407832, 116.45483243736996, 0.0, 2008-02-02 16:02:51-0300
1368, 39.95324667438671, 116.45383350075409, 0.0, 2008-02-02 16:02:51-0300
1368, 39.953181109275995, 116.45376029879809, 0.0, 2008-02-02 16:02:51-0300
1368, 39.953006579421604, 116.45346264809659, 0.0, 2008-02-02 16:02:51-0300
1368, 39.95287246896787, 116.45323391526715, 0.0, 2008-02-02 16:02:51-0300
1368, 39.95238687736661, 116.45392812312978, 0.0, 2008-02-02 16:02:51-0300
1368, 39.95212927353671, 116.45423843981858, 0.0, 2008-02-02 16:02:51-0300
1368, 39.951785988028035, 116.45453255149422, 0.0, 2008-02-02 16:02:51-0300
1368, 39.951454064655024, 116.45476053926558, 0.0, 2008-02-02 16:02:51-0300
1368, 39.95118230472168, 116.45494736257822, 0.0, 2008-02-02 16:02:51-0300
1368, 39.95089992771074, 116.45508910987725, 0.0, 2008-02-02 16:02:51-0300
1368, 39.95054118224698, 116.45522731815042, 0.0, 2008-02-02 16:02:51-0300
1368, 39.95038956292844, 116.45526680622847, 0.0, 2008-02-02 16:02:51-0300
1368, 39.949810094009564, 116.45554936950391, 0.0, 2008-02-02 16:02:51-0300
1368, 39.94913264995365, 116.4555579376718, 0.0, 2008-02-02 16:02:51-0300
1368, 39.947380273358085, 116.45557954435601, 0.0, 2008-02-02 16:02:51-0300
1368, 39.945106728638116, 116.45554899697488, 0.0, 2008-02-02 16:02:51-0300
1368, 39.94288105389955, 116.4555326056972, 0.0, 2008-02-02 16:02:51-0300
1368, 39.94270931801295, 116.45553130184557, 0.0, 2008-02-02 16:02:51-0300
1368, 39.94038957969225, 116.45554024254248, 0.0, 2008-02-02 16:02:51-0300
1368, 39.93956312402106, 116.45553633098758, 0.0, 2008-02-02 16:02:51-0300
1368, 39.93671495325971, 116.45552236114865, 0.0, 2008-02-02 16:02:51-0300
1368, 39.93599653100959, 116.45551770453567, 0.0, 2008-02-02 16:02:51-0300
1368, 39.93325546234672, 116.45550634240001, 0.0, 2008-02-02 16:02:51-0300
1368, 39.93117973054602, 116.45550112699347, 0.0, 2008-02-02 16:02:51-0300
1368, 39.929158015455855, 116.45548250054156, 0.0, 2008-02-02 16:02:51-0300
1368, 39.92547984999746, 116.4554633152961, 0.0, 2008-02-02 16:02:51-0300
1368, 39.92309901691449, 116.45543258165046, 0.0, 2008-02-02 16:02:51-0300
1368, 39.916888585319114, 116.45542606239228, 0.0, 2008-02-02 16:02:51-0300
1368, 39.91510603387146, 116.4554985192902, 0.0, 2008-02-02 16:02:51-0300
1368, 39.9149873833728, 116.45550075446444, 0.0, 2008-02-02 16:02:51-0300
1368, 39.91317856862795, 116.45561959122762, 0.0, 2008-02-02 16:02:51-0300
1368, 39.91084206650053, 116.4556184736405, 0.0, 2008-02-02 16:02:51-0300
1368, 39.909521823589245, 116.45557824050438, 0.0, 2008-02-02 16:02:51-0300
1368, 39.90923460370082, 116.45539812271441, 0.0, 2008-02-02 16:02:51-0300
1368, 39.908480046133995, 116.45494978401697, 0.0, 2008-02-02 16:02:51-0300
1368, 39.9083366224543, 116.45493357900382, 0.0, 2008-02-02 16:02:51-0300
1368, 39.9070962870217, 116.45491234484864, 0.0, 2008-02-02 16:02:51-0300
1368, 39.90710299254439, 116.45237486330512, 0.0, 2008-02-02 16:02:51-0300
1368, 39.90713912786109, 116.45111552889158, 0.0, 2008-02-02 16:02:51-0300
1368, 39.907120128880145, 116.44972972086958, 0.0, 2008-02-02 16:02:51-0300
1368, 39.90713838280302, 116.44746809707883, 0.0, 2008-02-02 16:02:51-0300
1368, 39.90716427357117, 116.44422988841451, 0.0, 2008-02-02 16:02:51-0300
1368, 39.90716427357117, 116.44412017861278, 0.0, 2008-02-02 16:02:51-0300
1368, 39.907207859468635, 116.43764376128414, 0.0, 2008-02-02 16:02:51-0300
1368, 39.90722760350766, 116.43482297140709, 0.0, 2008-02-02 16:02:51-0300
1368, 39.90721698643007, 116.4331473357934, 0.0, 2008-02-02 16:02:51-0300
1368, 39.907230397475445, 116.43064915606341, 0.0, 2008-02-02 16:02:51-0300
1368, 39.907232632649674, 116.43022018887595, 0.0, 2008-02-02 16:02:51-0300
1368, 39.90722741724314, 116.42893868898463, 0.0, 2008-02-02 16:02:51-0300
1368, 39.90719593853942, 116.42722244770577, 0.0, 2008-02-02 16:02:51-0300
1368, 39.90719314457163, 116.42695422679829, 0.0, 2008-02-02 16:02:51-0300
1368, 39.90717768461654, 116.42602793334487, 0.0, 2008-02-02 16:02:51-0300
1368, 39.90716874391963, 116.42467304523304, 0.0, 2008-02-02 16:02:51-0300
1368, 39.90714378447407, 116.4230614846139, 0.0, 2008-02-02 16:02:51-0300
1368, 39.90711007059612, 116.420895973315, 0.0, 2008-02-02 16:02:51-0300
1368, 39.90710373760247, 116.42069760160217, 0.0, 2008-02-02 16:02:51-0300
1368, 39.907081385860174, 116.41893758816133, 0.0, 2008-02-02 16:02:51-0300
1368, 39.90706629843413, 116.41716043838473, 0.0, 2008-02-02 16:02:51-0300
1368, 39.90705754400173, 116.41610934770351, 0.0, 2008-02-02 16:02:51-0300
1368, 39.907019732304356, 116.41461736890564, 0.0, 2008-02-02 16:02:51-0300
1368, 39.90695118696134, 116.41191504326272, 0.0, 2008-02-02 16:02:51-0300
1368, 39.90694671661288, 116.41172170069191, 0.0, 2008-02-02 16:02:51-0300
1368, 39.906875377302065, 116.40996504001241, 0.0, 2008-02-02 16:02:51-0300
1368, 39.90686420143092, 116.40927567502727, 0.0, 2008-02-02 16:02:51-0300
1368, 39.90682676226258, 116.40789172965046, 0.0, 2008-02-02 16:02:51-0300
1368, 39.90682154685605, 116.40770248489908, 0.0, 2008-02-02 16:02:51-0300
1368, 39.90680478304933, 116.40707644985042, 0.0, 2008-02-02 16:02:51-0300
1368, 39.90675393283562, 116.40530749571266, 0.0, 2008-02-02 16:02:51-0300
1368, 39.90675616800985, 116.40523913663415, 0.0, 2008-02-02 16:02:51-0300
1368, 39.906724689306124, 116.40427782545115, 0.0, 2008-02-02 16:02:51-0300
1368, 39.90668426990548, 116.40304233289605, 0.0, 2008-02-02 16:02:51-0300
1368, 39.90665651649214, 116.40209107999708, 0.0, 2008-02-02 16:02:51-0300
1368, 39.90665502637599, 116.40184595588995, 0.0, 2008-02-02 16:02:51-0300
1368, 39.90664236038869, 116.40128585848106, 0.0, 2008-02-02 16:02:51-0300
1368, 39.9066073426591, 116.40040724874453, 0.0, 2008-02-02 16:02:51-0300
1368, 39.90652203350936, 116.39709602438873, 0.0, 2008-02-02 16:02:51-0300
1368, 39.90638643293946, 116.39311722799653, 0.0, 2008-02-02 16:02:51-0300
1368, 39.906189737607306, 116.38945675766745, 0.0, 2008-02-02 16:02:51-0300
1368, 39.90609865425748, 116.38625095902944, 0.0, 2008-02-02 16:02:51-0300
1368, 39.90608021407009, 116.38563367841319, 0.0, 2008-02-02 16:02:51-0300
1368, 39.906062146411735, 116.38522948440678, 0.0, 2008-02-02 16:02:51-0300
1368, 39.905962867423064, 116.3824621524467, 0.0, 2008-02-02 16:02:51-0300
1368, 39.90592561451925, 116.3796963106028, 0.0, 2008-02-02 16:02:51-0300
1368, 39.90580621896251, 116.37664306260592, 0.0, 2008-02-02 16:02:51-0300
1368, 39.90581869868529, 116.37609749382952, 0.0, 2008-02-02 16:02:51-0300
1368, 39.90581441460135, 116.37561171596374, 0.0, 2008-02-02 16:02:51-0300
1368, 39.90582335529827, 116.37450698110105, 0.0, 2008-02-02 16:02:51-0300
1368, 39.90582968829192, 116.37367978037177, 0.0, 2008-02-02 16:02:51-0300
1368, 39.90583471743393, 116.37307050912985, 0.0, 2008-02-02 16:02:51-0300
1368, 39.90583788393076, 116.37268922565927, 0.0, 2008-02-02 16:02:51-0300
1368, 39.90584328560181, 116.37201159533885, 0.0, 2008-02-02 16:02:51-0300
1368, 39.905837511401714, 116.37160125460329, 0.0, 2008-02-02 16:02:51-0300
1368, 39.90583229599518, 116.37017186068383, 0.0, 2008-02-02 16:02:51-0300
1368, 39.90583117840807, 116.37006066076593, 0.0, 2008-02-02 16:02:51-0300
1368, 39.90583266852422, 116.3679651849262, 0.0, 2008-02-02 16:02:51-0300
1368, 39.90583434490489, 116.36781635957546, 0.0, 2008-02-02 16:02:51-0300
1368, 39.90584067789854, 116.36567301375433, 0.0, 2008-02-02 16:02:51-0300
1368, 39.90584328560181, 116.36387872764197, 0.0, 2008-02-02 16:02:51-0300
1368, 39.90585408894392, 116.36152136388841, 0.0, 2008-02-02 16:02:51-0300
1368, 39.905860049408524, 116.35991129338544, 0.0, 2008-02-02 16:02:51-0300
1368, 39.90585222629873, 116.358145692009, 0.0, 2008-02-02 16:02:51-0300
1368, 39.905847942214784, 116.35716612690314, 0.0, 2008-02-02 16:02:51-0300
1368, 39.90584887353738, 116.35701692902335, 0.0, 2008-02-02 16:02:51-0300
1368, 39.905721096077286, 116.35701618396527, 0.0, 2008-02-02 16:02:51-0300
1368, 39.90556966302327, 116.35701916419758, 0.0, 2008-02-02 16:02:51-0300
1368, 39.90414343560062, 116.35704747640447, 0.0, 2008-02-02 16:02:51-0300
1368, 39.903403592930815, 116.35706386768216, 0.0, 2008-02-02 16:02:51-0300
1368, 39.90262314459584, 116.35708119028243, 0.0, 2008-02-02 16:02:51-0300
1368, 39.902619233040944, 116.35719741934234, 0.0, 2008-02-02 16:02:51-0300
1368, 39.90331232331646, 116.35719350778744, 0.0, 2008-02-02 16:02:51-0300
1368, 39.90416709119455, 116.35719183140677, 0.0, 2008-02-02 16:02:51-0300
1368, 39.90556109485539, 116.3571705972516, 0.0, 2008-02-02 16:02:51-0300
1368, 39.90572128234181, 116.35716817581284, 0.0, 2008-02-02 16:02:51-0300
1368, 39.90571476308364, 116.3597637718863, 0.0, 2008-02-02 16:02:51-0300
1368, 39.90570358721249, 116.3621896809829, 0.0, 2008-02-02 16:02:51-0300
1368, 39.90568775472837, 116.36347546495814, 0.0, 2008-02-02 16:02:51-0300
1368, 39.90568719593482, 116.36572665793582, 0.0, 2008-02-02 16:02:51-0300
1368, 39.90566987333454, 116.36782325136267, 0.0, 2008-02-02 16:02:51-0300
1368, 39.90567210850877, 116.36797338056505, 0.0, 2008-02-02 16:02:51-0300
1368, 39.905656276024644, 116.37011467747647, 0.0, 2008-02-02 16:02:51-0300
1368, 39.905640257276005, 116.37071742946023, 0.0, 2008-02-02 16:02:51-0300
1368, 39.905640816069564, 116.37119687433236, 0.0, 2008-02-02 16:02:51-0300
1368, 39.905638022101776, 116.37186370131069, 0.0, 2008-02-02 16:02:51-0300
1368, 39.90562088576602, 116.37386567236183, 0.0, 2008-02-02 16:02:51-0300
1368, 39.905628150082265, 116.37541464810255, 0.0, 2008-02-02 16:02:51-0300
1368, 39.905629826462935, 116.37556608115656, 0.0, 2008-02-02 16:02:51-0300
1368, 39.905636345721106, 116.37613195276555, 0.0, 2008-02-02 16:02:51-0300
1368, 39.905641374863116, 116.376580291463, 0.0, 2008-02-02 16:02:51-0300
1368, 39.90565348205686, 116.37752744654254, 0.0, 2008-02-02 16:02:51-0300
1368, 39.905778838078206, 116.38207453598248, 0.0, 2008-02-02 16:02:51-0300
1368, 39.90578647492349, 116.38240571429742, 0.0, 2008-02-02 16:02:51-0300
1368, 39.905856696647184, 116.3851272251858, 0.0, 2008-02-02 16:02:51-0300
1368, 39.905801376085016, 116.38544853148122, 0.0, 2008-02-02 16:02:51-0300
1368, 39.90584477571796, 116.38667657345556, 0.0, 2008-02-02 16:02:51-0300
1368, 39.90587271539582, 116.38746819766168, 0.0, 2008-02-02 16:02:51-0300
1368, 39.9058909693187, 116.38816836598892, 0.0, 2008-02-02 16:02:51-0300
1368, 39.90592468319665, 116.38946588462888, 0.0, 2008-02-02 16:02:51-0300
1368, 39.90611728070939, 116.39315839245525, 0.0, 2008-02-02 16:02:51-0300
1368, 39.9061632880456, 116.39412491904478, 0.0, 2008-02-02 16:02:51-0300
1368, 39.90620147227201, 116.3955673514806, 0.0, 2008-02-02 16:02:51-0300
1368, 39.90625344007284, 116.396869340469, 0.0, 2008-02-02 16:02:51-0300
1368, 39.906445478792016, 116.40025879592282, 0.0, 2008-02-02 16:02:51-0300
1368, 39.90646298765681, 116.40053521246914, 0.0, 2008-02-02 16:02:51-0300
1368, 39.906570089755284, 116.40454604635863, 0.0, 2008-02-02 16:02:51-0300
1368, 39.90657549142634, 116.40478465120758, 0.0, 2008-02-02 16:02:51-0300
1368, 39.90659579425892, 116.4052834675897, 0.0, 2008-02-02 16:02:51-0300
1368, 39.90661497950438, 116.40581692917236, 0.0, 2008-02-02 16:02:51-0300
1368, 39.906719101370555, 116.40938314965479, 0.0, 2008-02-02 16:02:51-0300
1368, 39.906731767357854, 116.40982347897791, 0.0, 2008-02-02 16:02:51-0300
1368, 39.90677535325532, 116.41173064138883, 0.0, 2008-02-02 16:02:51-0300
1368, 39.90678038239733, 116.41192659166292, 0.0, 2008-02-02 16:02:51-0300
1368, 39.906831605140084, 116.41501001451186, 0.0, 2008-02-02 16:02:51-0300
1368, 39.906865691547075, 116.41660928167275, 0.0, 2008-02-02 16:02:51-0300
1368, 39.90690052301214, 116.41826163422157, 0.0, 2008-02-02 16:02:51-0300
1368, 39.9069450402322, 116.42069518016342, 0.0, 2008-02-02 16:02:51-0300
1368, 39.90694913805162, 116.42090416895384, 0.0, 2008-02-02 16:02:51-0300
1368, 39.90698136181343, 116.42279400876448, 0.0, 2008-02-02 16:02:51-0300
1368, 39.90698266566506, 116.42287186733347, 0.0, 2008-02-02 16:02:51-0300
1368, 39.907031839498096, 116.42605475543562, 0.0, 2008-02-02 16:02:51-0300
1368, 39.90705363244683, 116.4269592559403, 0.0, 2008-02-02 16:02:51-0300
1368, 39.907097590873335, 116.42895936434626, 0.0, 2008-02-02 16:02:51-0300
1368, 39.907106345305735, 116.430235276302, 0.0, 2008-02-02 16:02:51-0300
1368, 39.907108580479964, 116.43064785221178, 0.0, 2008-02-02 16:02:51-0300
1368, 39.9070893952345, 116.43316465839366, 0.0, 2008-02-02 16:02:51-0300
1368, 39.907087346324786, 116.43338016644225, 0.0, 2008-02-02 16:02:51-0300
1368, 39.90707486660201, 116.43477081734174, 0.0, 2008-02-02 16:02:51-0300
1368, 39.90707468033749, 116.43486059683995, 0.0, 2008-02-02 16:02:51-0300
1368, 39.90706983745999, 116.43754597241161, 0.0, 2008-02-02 16:02:51-0300
1368, 39.907069278666434, 116.43766834820066, 0.0, 2008-02-02 16:02:51-0300
1368, 39.907035751053, 116.44411775717403, 0.0, 2008-02-02 16:02:51-0300
1368, 39.907034633465884, 116.44422932962095, 0.0, 2008-02-02 16:02:51-0300
1368, 39.90716427357117, 116.44422988841451, 0.0, 2008-02-02 16:02:51-0300
1368, 39.907308442308945, 116.44419338056878, 0.0, 2008-02-02 16:02:51-0300
1368, 39.907362459019474, 116.44418946901388, 0.0, 2008-02-02 16:02:51-0300
1368, 39.911958163498895, 116.44417251894264, 0.0, 2008-02-02 16:02:51-0300
1368, 39.911966359137736, 116.44439808527525, 0.0, 2008-02-02 16:02:51-0300
1368, 39.91199392628656, 116.44720397399077, 0.0, 2008-02-02 16:02:51-0300
1368, 39.91200174939636, 116.44801627355851, 0.0, 2008-02-02 16:02:51-0300
1368, 39.912015905499814, 116.44945945105239, 0.0, 2008-02-02 16:02:51-0300
1368, 39.91202447366769, 116.45032967888555, 0.0, 2008-02-02 16:02:51-0300
1368, 39.91203471821624, 116.45139418061214, 0.0, 2008-02-02 16:02:51-0300
1368, 39.91203639459691, 116.45154878016298, 0.0, 2008-02-02 16:02:51-0300
1368, 39.912148712101924, 116.45155082907269, 0.0, 2008-02-02 16:02:51-0300
1368, 39.91322662487388, 116.45153518285308, 0.0, 2008-02-02 17:54:56-0300
1368, 39.913216566589846, 116.4530899327939, 0.0, 2008-02-02 17:54:56-0300
1368, 39.91322662487388, 116.45153518285308, 0.0, 2008-02-02 17:54:55-0300
1368, 39.913226997402916, 116.45139567072829, 0.0, 2008-02-02 17:54:55-0300
1368, 39.91214629066317, 116.45139101411532, 0.0, 2008-02-02 17:54:55-0300
1368, 39.912112949314256, 116.44944585374249, 0.0, 2008-02-02 17:54:55-0300
1368, 39.912092646481675, 116.44741333531022, 0.0, 2008-02-02 17:59:57-0300
1368, 39.9131653438471, 116.4474032770262, 0.0, 2008-02-02 17:59:56-0300
1368, 39.91317745104084, 116.44848286617882, 0.0, 2008-02-02 17:59:56-0300
1368, 39.913188254382945, 116.44944194218759, 0.0, 2008-02-02 17:59:56-0300
1368, 39.913226997402916, 116.45139567072829, 0.0, 2008-02-02 17:59:56-0300
1368, 39.91214629066317, 116.45139101411532, 0.0, 2008-02-02 17:59:56-0300
1368, 39.91203471821624, 116.45139418061214, 0.0, 2008-02-02 17:59:56-0300
1368, 39.91203639459691, 116.45154878016298, 0.0, 2008-02-02 17:59:56-0300
1368, 39.912074206294285, 116.45543258165046, 0.0, 2008-02-02 17:59:56-0300
1368, 39.91209655803658, 116.4559688372009, 0.0, 2008-02-02 17:59:56-0300
1368, 39.91221204203841, 116.45596734708475, 0.0, 2008-02-02 17:59:56-0300
1368, 39.913908166749216, 116.45590792870316, 0.0, 2008-02-02 17:59:56-0300
1368, 39.9143715928727, 116.45589172369, 0.0, 2008-02-02 17:59:56-0300
1368, 39.91478603142767, 116.45572073286148, 0.0, 2008-02-02 17:59:56-0300
1368, 39.91498999107607, 116.45564548199576, 0.0, 2008-02-02 17:59:56-0300
1368, 39.915103984961746, 116.45564082538279, 0.0, 2008-02-02 17:59:56-0300
1368, 39.91690832935814, 116.45557004486554, 0.0, 2008-02-02 17:59:56-0300
1368, 39.923102183411316, 116.45558382843994, 0.0, 2008-02-02 17:59:56-0300
1368, 39.92575570775023, 116.45560897415002, 0.0, 2008-02-02 17:59:56-0300
1368, 39.928927233716706, 116.45562946324712, 0.0, 2008-02-02 17:59:56-0300
1368, 39.931176564049196, 116.4556672749445, 0.0, 2008-02-02 17:59:56-0300
1368, 39.93325807004999, 116.45566373591863, 0.0, 2008-02-02 17:59:56-0300
1368, 39.93599932497738, 116.45568515633833, 0.0, 2008-02-02 17:59:56-0300
1368, 39.93671495325971, 116.45566261833152, 0.0, 2008-02-02 17:59:56-0300
1368, 39.93956535919529, 116.45567379420267, 0.0, 2008-02-02 17:59:56-0300
1368, 39.94038957969225, 116.455677146964, 0.0, 2008-02-02 17:59:56-0300
1368, 39.94288813195128, 116.455686832719, 0.0, 2008-02-02 17:59:56-0300
1368, 39.94334131352621, 116.45569465582881, 0.0, 2008-02-02 17:59:56-0300
1368, 39.94347989432841, 116.45569707726756, 0.0, 2008-02-02 17:59:56-0300
1368, 39.943568928768535, 116.4556985673837, 0.0, 2008-02-02 17:59:56-0300
1368, 39.94397349530399, 116.45589936053528, 0.0, 2008-02-02 17:59:56-0300
1368, 39.944136290493674, 116.45590122318048, 0.0, 2008-02-02 17:59:56-0300
1368, 39.94424953932128, 116.45590289956114, 0.0, 2008-02-02 17:59:56-0300
1368, 39.94431100661258, 116.45590289956114, 0.0, 2008-02-02 17:59:56-0300
1368, 39.945125168825506, 116.45590103691595, 0.0, 2008-02-02 17:59:56-0300
1368, 39.94532577571256, 116.45590215450306, 0.0, 2008-02-02 17:59:56-0300
1368, 39.945525078747984, 116.45590327209018, 0.0, 2008-02-02 17:59:56-0300
1368, 39.9457204702285, 116.4559043896773, 0.0, 2008-02-02 17:59:56-0300
1368, 39.945730528512534, 116.4561182213452, 0.0, 2008-02-02 17:59:56-0300
1368, 39.945760517100105, 116.45640804893691, 0.0, 2008-02-02 18:24:41-0300
1368, 39.94580708322988, 116.4570277509919, 0.0, 2008-02-02 18:24:41-0300
1368, 39.94589928416683, 116.45833570044493, 0.0, 2008-02-02 18:24:40-0300
1368, 39.94589984296039, 116.45835786592271, 0.0, 2008-02-02 18:24:40-0300
1368, 39.945911205096046, 116.4584895549377, 0.0, 2008-02-02 18:24:40-0300
1368, 39.945960192664565, 116.45905747545639, 0.0, 2008-02-02 18:24:40-0300
1368, 39.946107341634644, 116.45997017159992, 0.0, 2008-02-02 18:24:40-0300
1368, 39.94634128987062, 116.46011191889893, 0.0, 2008-02-02 18:24:40-0300
1368, 39.94653537749951, 116.46111402201163, 0.0, 2008-02-02 18:24:40-0300
1368, 39.946647695004515, 116.4613557933574, 0.0, 2008-02-02 18:24:40-0300
1368, 39.94674082726406, 116.46156440961877, 0.0, 2008-02-02 18:24:40-0300
1368, 39.94689393669875, 116.46191868473407, 0.0, 2008-02-02 18:24:40-0300
1368, 39.94699042171963, 116.4625123097564, 0.0, 2008-02-02 18:24:40-0300
1368, 39.94727708281451, 116.46249722233036, 0.0, 2008-02-02 18:24:40-0300
1368, 39.947310424163426, 116.46249778112391, 0.0, 2008-02-02 18:24:40-0300
1368, 39.947532637734696, 116.46248679151729, 0.0, 2008-02-02 18:24:40-0300
1368, 39.949895030630266, 116.46224725534574, 0.0, 2008-02-02 18:24:40-0300
1368, 39.95000548549009, 116.46224762787479, 0.0, 2008-02-02 18:24:40-0300
1368, 39.950116685407984, 116.4622478141393, 0.0, 2008-02-02 18:24:40-0300
1368, 39.950224718829055, 116.46224818666835, 0.0, 2008-02-02 18:24:40-0300
1368, 39.95158128332156, 116.46214201589247, 0.0, 2008-02-02 18:29:43-0300
1368, 39.952572583092135, 116.46206788261387, 0.0, 2008-02-02 18:29:43-0300
1368, 39.95392467723619, 116.46202317912929, 0.0, 2008-02-02 18:29:42-0300
1368, 39.95406456189002, 116.46201032687746, 0.0, 2008-02-02 18:29:42-0300
1368, 39.954919516032625, 116.4618730499269, 0.0, 2008-02-02 18:34:45-0300
1368, 39.9571472396809, 116.46169479478213, 0.0, 2008-02-02 18:34:45-0300
1368, 39.95733778828392, 116.46165009129756, 0.0, 2008-02-02 18:34:44-0300
1368, 39.95749480927351, 116.46157167393501, 0.0, 2008-02-02 18:34:44-0300
1368, 39.95765406543733, 116.46139956551939, 0.0, 2008-02-02 18:34:44-0300
1368, 39.95856843796153, 116.45984332546242, 0.0, 2008-02-02 18:34:44-0300
1368, 39.95860513207179, 116.45978074058401, 0.0, 2008-02-02 18:34:44-0300
1368, 39.955488554138434, 116.45632273978717, 0.0, 2008-02-02 18:34:44-0300
1368, 39.95541199942109, 116.45624152845684, 0.0, 2008-02-02 18:34:44-0300
1368, 39.95414074407832, 116.45483243736996, 0.0, 2008-02-02 18:34:44-0300
1368, 39.95324667438671, 116.45383350075409, 0.0, 2008-02-02 18:34:44-0300
1368, 39.953181109275995, 116.45376029879809, 0.0, 2008-02-02 18:34:44-0300
1368, 39.953671543754744, 116.45298823236648, 0.0, 2008-02-02 18:34:44-0300
1368, 39.954098089503454, 116.45231693503969, 0.0, 2008-02-02 18:34:44-0300
1368, 39.954222327937686, 116.45212135729464, 0.0, 2008-02-02 18:34:44-0300
1368, 39.95434395866865, 116.45193006363355, 0.0, 2008-02-02 18:34:44-0300
1368, 39.954845569018545, 116.45114048833715, 0.0, 2008-02-02 18:34:44-0300
1368, 39.95504896987339, 116.45082365239017, 0.0, 2008-02-02 18:34:44-0300
1368, 39.95510838825498, 116.45073107892419, 0.0, 2008-02-02 18:34:44-0300
1368, 39.95529781927089, 116.4501622270829, 0.0, 2008-02-02 18:34:44-0300
1368, 39.95542783190521, 116.44996404163459, 0.0, 2008-02-02 18:34:44-0300
1368, 39.95555598189434, 116.44976846388955, 0.0, 2008-02-02 18:34:44-0300
1368, 39.95589628717072, 116.44924953093937, 0.0, 2008-02-02 18:34:44-0300
1368, 39.95617587021386, 116.44881814231317, 0.0, 2008-02-02 18:34:44-0300
1368, 39.95662681661457, 116.44810381788247, 0.0, 2008-02-02 18:34:44-0300
1368, 39.95699841433015, 116.44754539685425, 0.0, 2008-02-02 18:34:44-0300
1368, 39.95737485492322, 116.44696853563865, 0.0, 2008-02-02 18:34:44-0300
1368, 39.957437998595196, 116.44687223688227, 0.0, 2008-02-02 18:34:44-0300
1368, 39.957492574099284, 116.44680052504242, 0.0, 2008-02-02 18:34:44-0300
1368, 39.95876997617118, 116.44487808894094, 0.0, 2008-02-02 18:34:44-0300
1368, 39.960574879361126, 116.44210908060019, 0.0, 2008-02-02 18:34:44-0300
1368, 39.96238574301569, 116.43933075903351, 0.0, 2008-02-02 18:34:44-0300
1368, 39.96325392193915, 116.437998595193, 0.0, 2008-02-02 18:34:44-0300
1368, 39.96374808170828, 116.4372442238907, 0.0, 2008-02-02 18:34:44-0300
1368, 39.964143707546825, 116.43664035431982, 0.0, 2008-02-02 18:34:44-0300
1368, 39.96464569042576, 116.4358740620883, 0.0, 2008-02-02 18:34:44-0300
1368, 39.965340270817435, 116.43481756973604, 0.0, 2008-02-02 18:34:44-0300
1368, 39.96566139084834, 116.43432937043151, 0.0, 2008-02-02 18:34:44-0300
1368, 39.96590837760065, 116.433953488632, 0.0, 2008-02-02 18:34:44-0300
1368, 39.966531059887956, 116.43298211916496, 0.0, 2008-02-02 18:34:44-0300
1368, 39.96671844199415, 116.43269117398614, 0.0, 2008-02-02 18:34:44-0300
1368, 39.967326409384455, 116.43174718540342, 0.0, 2008-02-02 18:34:44-0300
1368, 39.967504105735664, 116.43140278230763, 0.0, 2008-02-02 18:34:44-0300
1368, 39.967697448306474, 116.43104589948906, 0.0, 2008-02-02 18:34:44-0300
1368, 39.967997147917686, 116.4302363938891, 0.0, 2008-02-02 18:34:44-0300
1368, 39.96813125837143, 116.42959117359499, 0.0, 2008-02-02 18:34:44-0300
1368, 39.968222714250295, 116.42899847989526, 0.0, 2008-02-02 18:34:44-0300
1368, 39.968259780889596, 116.42841491315696, 0.0, 2008-02-02 18:34:44-0300
1368, 39.96824599731519, 116.42768904032609, 0.0, 2008-02-02 18:34:44-0300
1368, 39.96819961744993, 116.42595286874368, 0.0, 2008-02-02 18:34:44-0300
1368, 39.96817409921081, 116.42499025370904, 0.0, 2008-02-02 18:34:44-0300
1368, 39.96810313242904, 116.42232853373129, 0.0, 2008-02-02 18:34:44-0300
1368, 39.9680627130284, 116.41999203160387, 0.0, 2008-02-02 18:34:44-0300
1368, 39.96791258382602, 116.41518342677914, 0.0, 2008-02-02 18:34:44-0300
1368, 39.967733211094135, 116.40876922179987, 0.0, 2008-02-02 18:34:44-0300
1368, 39.96772147642944, 116.40815436262237, 0.0, 2008-02-02 18:34:44-0300
1368, 39.967713653319635, 116.4075709821486, 0.0, 2008-02-02 18:34:44-0300
1368, 39.96762406008595, 116.40435363511041, 0.0, 2008-02-02 18:34:44-0300
1368, 39.967613256743846, 116.40390436509038, 0.0, 2008-02-02 18:34:44-0300
1368, 39.96754880922024, 116.40142071399288, 0.0, 2008-02-02 18:34:44-0300
1368, 39.967541544904, 116.40114224853684, 0.0, 2008-02-02 18:34:44-0300
1368, 39.96747020559319, 116.39839838590618, 0.0, 2008-02-02 18:34:44-0300
1368, 39.96746703909636, 116.3978354945295, 0.0, 2008-02-02 18:34:44-0300
1368, 39.967594816556456, 116.39679110937098, 0.0, 2008-02-02 18:34:44-0300
1368, 39.96759258138223, 116.39668177209828, 0.0, 2008-02-02 18:34:44-0300
1368, 39.96758010165945, 116.39607920637904, 0.0, 2008-02-02 18:34:44-0300
1368, 39.96757153349157, 116.39572716643796, 0.0, 2008-02-02 18:55:27-0300
1368, 39.96753316300064, 116.39491151410888, 0.0, 2008-02-02 18:55:27-0300
1368, 39.96750950740672, 116.39442424612696, 0.0, 2008-02-02 18:55:26-0300
1368, 39.967435932921674, 116.3927636979393, 0.0, 2008-02-02 18:55:26-0300
1368, 39.96742308066986, 116.39230455589976, 0.0, 2008-02-02 18:55:26-0300
1368, 39.9673981212243, 116.39128177742545, 0.0, 2008-02-02 18:55:26-0300
1368, 39.96744207965081, 116.39104484895716, 0.0, 2008-02-02 18:55:26-0300
1368, 39.96767938064812, 116.3903083590487, 0.0, 2008-02-02 18:55:26-0300
1368, 39.967803246553316, 116.39014276989124, 0.0, 2008-02-02 18:55:26-0300
1368, 39.96781907903744, 116.38990341998421, 0.0, 2008-02-02 18:55:26-0300
1368, 39.967792629475724, 116.38893093293005, 0.0, 2008-02-02 18:55:26-0300
1368, 39.96798988360144, 116.38866662357748, 0.0, 2008-02-02 18:55:26-0300
1368, 39.96850974787421, 116.38863663498991, 0.0, 2008-02-02 18:55:26-0300
1368, 39.96866825897995, 116.38853195433018, 0.0, 2008-02-02 18:55:26-0300
1368, 39.97035358034864, 116.38845670346447, 0.0, 2008-02-02 18:55:26-0300
1368, 39.97035302155509, 116.38830731932016, 0.0, 2008-02-02 18:55:26-0300
1368, 39.97163414891737, 116.38824659708693, 0.0, 2008-02-02 18:55:26-0300
1368, 39.97396282793498, 116.38816799345987, 0.0, 2008-02-02 18:55:26-0300
1368, 39.97457861843508, 116.3881380048723, 0.0, 2008-02-02 19:05:31-0300
1368, 39.97484646681353, 116.3881242212979, 0.0, 2008-02-02 19:05:31-0300
1368, 39.97517485116068, 116.388125338885, 0.0, 2008-02-02 19:05:30-0300
1368, 39.975273198826756, 116.38816668960824, 0.0, 2008-02-02 19:05:30-0300
1368, 39.97533168588575, 116.38818941387957, 0.0, 2008-02-02 19:05:30-0300
1368, 39.975438229190665, 116.38823188218993, 0.0, 2008-02-02 19:05:30-0300
1368, 39.97555911486356, 116.38828254613912, 0.0, 2008-02-02 19:05:30-0300
1368, 39.975554271986056, 116.38773679109819, 0.0, 2008-02-02 19:05:30-0300
1368, 39.975552595605386, 116.38756132992121, 0.0, 2008-02-02 19:05:30-0300
1368, 39.975550732960194, 116.38748868675877, 0.0, 2008-02-02 19:05:30-0300
1368, 39.97548256014621, 116.38462580110041, 0.0, 2008-02-02 19:05:30-0300
1368, 39.97548274641073, 116.38200654943302, 0.0, 2008-02-02 19:05:30-0300
1368, 39.97548274641073, 116.38189665336675, 0.0, 2008-02-02 19:05:30-0300
1368, 39.975482187617175, 116.38180557001692, 0.0, 2008-02-02 19:05:30-0300
1368, 39.97548107003006, 116.38168542940211, 0.0, 2008-02-02 19:05:30-0300
1368, 39.97544642482951, 116.37824829023141, 0.0, 2008-02-02 19:05:30-0300
1368, 39.97541736756453, 116.3753790715794, 0.0, 2008-02-02 19:05:30-0300
1368, 39.975412897216074, 116.37492682132707, 0.0, 2008-02-02 19:05:30-0300
1368, 39.97541252468703, 116.37322473615166, 0.0, 2008-02-02 19:10:33-0300
1368, 39.975392221854456, 116.37013442151549, 0.0, 2008-02-02 19:10:32-0300
1368, 39.97537638937033, 116.36771465914804, 0.0, 2008-02-02 19:10:32-0300
1368, 39.975368938789565, 116.36658869013016, 0.0, 2008-02-02 19:10:32-0300
1368, 39.97535701786035, 116.36537219655601, 0.0, 2008-02-02 19:10:32-0300
1368, 39.975431337403464, 116.36520157825652, 0.0, 2008-02-02 19:10:32-0300
1368, 39.975428543435676, 116.36454127053636, 0.0, 2008-02-02 19:10:32-0300
1368, 39.97542798464212, 116.36433041910075, 0.0, 2008-02-02 19:10:32-0300
1368, 39.975688196175284, 116.36395062574634, 0.0, 2008-02-02 19:10:32-0300
1368, 39.97578095590578, 116.36381446638289, 0.0, 2008-02-02 19:10:32-0300
1368, 39.97896272642082, 116.3636339760639, 0.0, 2008-02-02 19:10:32-0300
1368, 39.9804722140835, 116.3635628230176, 0.0, 2008-02-02 19:10:32-0300
1368, 39.980568326575344, 116.36355723508203, 0.0, 2008-02-02 19:10:32-0300
1368, 39.98061303005993, 116.36345031924807, 0.0, 2008-02-02 19:10:32-0300
1368, 39.98050499663886, 116.35975501745392, 0.0, 2008-02-02 19:10:32-0300
1368, 39.980453028838035, 116.35948418884317, 0.0, 2008-02-02 19:10:32-0300
1368, 39.98043440238612, 116.3588365471103, 0.0, 2008-02-02 19:10:32-0300
1368, 39.98034369156533, 116.35568849047323, 0.0, 2008-02-02 19:10:32-0300
1368, 39.98031016395189, 116.35451949435144, 0.0, 2008-02-02 19:10:32-0300
1368, 39.98028688088701, 116.35361145482089, 0.0, 2008-02-02 19:10:32-0300
1368, 39.98022988394417, 116.35211724084878, 0.0, 2008-02-02 19:10:32-0300
1368, 39.98013302639424, 116.34959503299582, 0.0, 2008-02-02 19:10:32-0300
1368, 39.980114213677815, 116.3487456667888, 0.0, 2008-02-02 19:10:32-0300
1368, 39.98008888170322, 116.3479152995627, 0.0, 2008-02-02 19:10:32-0300
1368, 39.98017288700132, 116.34791064294973, 0.0, 2008-02-02 19:10:32-0300
1368, 39.98045135245736, 116.34789555552368, 0.0, 2008-02-02 19:10:32-0300
1368, 39.980758316384815, 116.3477171141144, 0.0, 2008-02-02 19:10:32-0300
1368, 39.98139534104009, 116.34767390074597, 0.0, 2008-02-02 19:10:32-0300
1368, 39.98321272395282, 116.34752339901455, 0.0, 2008-02-02 19:10:32-0300
1368, 39.983966908990595, 116.34748856754948, 0.0, 2008-02-02 19:10:32-0300
1368, 39.98528379914054, 116.34745522620057, 0.0, 2008-02-02 19:10:32-0300
1368, 39.98572543231529, 116.34744051130356, 0.0, 2008-02-02 19:10:32-0300
1368, 39.98697359085769, 116.3473812791865, 0.0, 2008-02-02 19:10:32-0300
1368, 39.987752176547474, 116.34734309496007, 0.0, 2008-02-02 19:10:32-0300
1368, 39.98924005752593, 116.3472700792686, 0.0, 2008-02-02 19:10:32-0300
1368, 39.98957067704731, 116.34725387425543, 0.0, 2008-02-02 19:10:32-0300
1368, 39.9906528739032, 116.3471832800027, 0.0, 2008-02-02 19:10:32-0300
1368, 39.991841614064015, 116.3471169698339, 0.0, 2008-02-02 19:10:32-0300
1368, 39.99194219690432, 116.3471121269564, 0.0, 2008-02-02 19:10:32-0300
1368, 39.99203402531223, 116.34710765660795, 0.0, 2008-02-02 19:10:32-0300
1368, 39.992104247035925, 116.34710449011112, 0.0, 2008-02-02 19:10:32-0300
1368, 39.99579414715903, 116.34691282392099, 0.0, 2008-02-02 19:10:32-0300
1368, 39.99664593480481, 116.34686048359112, 0.0, 2008-02-02 19:10:32-0300
1368, 39.99822042878465, 116.34676399857024, 0.0, 2008-02-02 19:10:32-0300
1368, 39.999477341759444, 116.34670159995633, 0.0, 2008-02-02 19:10:32-0300
1368, 39.99957196413514, 116.34669359058202, 0.0, 2008-02-02 19:10:32-0300
1368, 39.999697133891964, 116.34668278723991, 0.0, 2008-02-02 19:10:32-0300
1368, 39.99978598206757, 116.34667515039463, 0.0, 2008-02-02 19:10:32-0300
1368, 40.0062759967061, 116.34638662665456, 0.0, 2008-02-02 19:10:32-0300
1368, 40.00635143383633, 116.34638439148034, 0.0, 2008-02-02 19:10:32-0300
1368, 40.006468407954316, 116.34639444976436, 0.0, 2008-02-02 19:10:32-0300
1368, 40.0065697358527, 116.34640245913869, 0.0, 2008-02-02 19:10:32-0300
1368, 40.01124907310119, 116.34619160770308, 0.0, 2008-02-02 19:10:32-0300
1368, 40.01155082162211, 116.34617745159963, 0.0, 2008-02-02 19:10:32-0300
1368, 40.01218039569662, 116.34614764927657, 0.0, 2008-02-02 19:10:32-0300
1368, 40.01317970484152, 116.34610052435325, 0.0, 2008-02-02 19:10:32-0300
1368, 40.013935566259974, 116.3460649478301, 0.0, 2008-02-02 19:10:32-0300
1368, 40.01399479837704, 116.34591519115676, 0.0, 2008-02-02 19:10:32-0300
1368, 40.01383367956803, 116.33953097476507, 0.0, 2008-02-02 19:10:32-0300
1368, 40.01378934861249, 116.3392921836516, 0.0, 2008-02-02 19:10:32-0300
1368, 40.013588182931876, 116.33124406631092, 0.0, 2008-02-02 19:10:32-0300
1368, 40.01358445764149, 116.33112318063803, 0.0, 2008-02-02 19:10:32-0300
1368, 40.013510696891935, 116.32880549122703, 0.0, 2008-02-02 19:10:32-0300
1368, 40.01344941586515, 116.32809861737711, 0.0, 2008-02-02 19:10:32-0300
1368, 40.01328345417865, 116.32733474658433, 0.0, 2008-02-02 19:10:32-0300
1368, 40.01291856198576, 116.32619741543078, 0.0, 2008-02-02 19:10:32-0300
1368, 40.013362430334745, 116.32566656155139, 0.0, 2008-02-02 19:10:32-0300
1368, 40.01420043440611, 116.32479447107303, 0.0, 2008-02-02 19:10:32-0300
1368, 40.01492388579824, 116.32405798116456, 0.0, 2008-02-02 19:10:32-0300
1368, 40.0153372067661, 116.32367613890044, 0.0, 2008-02-02 19:10:32-0300
1368, 40.015857071038866, 116.32327324874565, 0.0, 2008-02-02 19:10:32-0300
1368, 40.01653917170776, 116.322793617609, 0.0, 2008-02-02 19:10:32-0300
1368, 40.01736190208857, 116.32228753691064, 0.0, 2008-02-02 19:10:32-0300
1368, 40.018228032102314, 116.32178499523815, 0.0, 2008-02-02 19:10:32-0300
1368, 40.018762052478536, 116.32145251307158, 0.0, 2008-02-02 19:10:32-0300
1368, 40.01948829783846, 116.32100547822577, 0.0, 2008-02-02 19:10:32-0300
1368, 40.02021323934674, 116.32054503233459, 0.0, 2008-02-02 19:10:32-0300
1368, 40.02269279262482, 116.3190208297749, 0.0, 2008-02-02 19:10:32-0300
1368, 40.023710355692586, 116.3184108134749, 0.0, 2008-02-02 19:10:32-0300
1368, 40.02432018572808, 116.31808261539227, 0.0, 2008-02-02 19:10:32-0300
1368, 40.024791434961365, 116.31787437165993, 0.0, 2008-02-02 19:10:32-0300
1368, 40.02603232918752, 116.31734407657409, 0.0, 2008-02-02 19:10:32-0300
1368, 40.027213991296605, 116.31713322513848, 0.0, 2008-02-02 19:10:32-0300
1368, 40.027521514017614, 116.31712391191253, 0.0, 2008-02-02 19:10:32-0300
1368, 40.02791509094644, 116.31717066430681, 0.0, 2008-02-02 19:10:32-0300
1368, 40.02818685087979, 116.31731073522518, 0.0, 2008-02-02 19:10:32-0300
1368, 40.0284299260772, 116.31753499770615, 0.0, 2008-02-02 19:10:32-0300
1368, 40.02863016043522, 116.31786189193716, 0.0, 2008-02-02 19:10:32-0300
1368, 40.02889949892982, 116.31837654080338, 0.0, 2008-02-02 19:10:32-0300
1368, 40.02900827740896, 116.31849854406339, 0.0, 2008-02-02 19:10:32-0300
1368, 40.02909861570072, 116.3185514431868, 0.0, 2008-02-02 19:10:32-0300
1368, 40.02931337869123, 116.31860825386512, 0.0, 2008-02-02 19:10:32-0300
1368, 40.02960637277975, 116.31861235168455, 0.0, 2008-02-02 19:10:32-0300
1368, 40.02980865604748, 116.31856727567093, 0.0, 2008-02-02 19:10:32-0300
1368, 40.02992544390094, 116.31854138490277, 0.0, 2008-02-02 19:10:32-0300
1368, 40.03172289651013, 116.31806622411459, 0.0, 2008-02-02 19:10:32-0300
1368, 40.0330097980725, 116.31761397386225, 0.0, 2008-02-02 19:10:32-0300
1368, 40.03332346752264, 116.31752233171885, 0.0, 2008-02-02 19:10:32-0300
1368, 40.03370307461254, 116.31745304131775, 0.0, 2008-02-02 19:10:32-0300
1368, 40.03397353069425, 116.3174096416848, 0.0, 2008-02-02 19:10:32-0300
1368, 40.03418754862668, 116.31740722024605, 0.0, 2008-02-02 19:10:32-0300
1368, 40.03456007766486, 116.31740740651058, 0.0, 2008-02-02 19:10:32-0300
1368, 40.03466866987948, 116.31740107351693, 0.0, 2008-02-02 19:10:32-0300
1368, 40.03760885531326, 116.31721499526236, 0.0, 2008-02-02 19:10:32-0300
1368, 40.03820806827116, 116.31717736982951, 0.0, 2008-02-02 19:10:32-0300
1368, 40.039029681064854, 116.31711702012532, 0.0, 2008-02-02 19:10:32-0300
1368, 40.03915708599591, 116.31704027914346, 0.0, 2008-02-02 19:10:32-0300
1368, 40.04193782900135, 116.31689033620559, 0.0, 2008-02-02 19:10:32-0300
1368, 40.042410382086274, 116.3165889602137, 0.0, 2008-02-02 19:10:32-0300
1368, 40.04467554490288, 116.31481646705008, 0.0, 2008-02-02 19:10:32-0300
1368, 40.044021942705406, 116.31332784101355, 0.0, 2008-02-02 19:10:32-0300
1368, 40.04225671385802, 116.30950643813998, 0.0, 2008-02-02 19:10:32-0300
1368, 40.04205778335164, 116.30893218462762, 0.0, 2008-02-02 19:10:32-0300
1368, 40.04190672282666, 116.30809585693693, 0.0, 2008-02-02 19:10:32-0300
1368, 40.04102457406427, 116.30891150926601, 0.0, 2008-02-02 19:10:32-0300
1368, 40.03987737089121, 116.30999556876709, 0.0, 2008-02-02 19:10:32-0300
1368, 40.04013478845659, 116.31058304706029, 0.0, 2008-02-02 19:10:32-0300
1368, 40.03964826553274, 116.3109969268217, 0.0, 2008-02-02 19:10:32-0300
1368, 40.04030112267213, 116.31229519051973, 0.0, 2008-02-02 19:10:32-0300
1368, 40.042410382086274, 116.3165889602137, 0.0, 2008-02-02 19:10:32-0300
1368, 40.04193782900135, 116.31689033620559, 0.0, 2008-02-02 19:10:32-0300
1368, 40.03915708599591, 116.31704027914346, 0.0, 2008-02-02 19:10:32-0300
1368, 40.03902316180668, 116.31701476090434, 0.0, 2008-02-02 19:10:32-0300
1368, 40.03760326737769, 116.31705816053729, 0.0, 2008-02-02 19:10:32-0300
1368, 40.036798232126195, 116.31711478495109, 0.0, 2008-02-02 19:10:32-0300
1368, 40.035030395575546, 116.31720065289439, 0.0, 2008-02-02 19:10:32-0300
1368, 40.034735538841836, 116.31720903479776, 0.0, 2008-02-02 19:10:32-0300
1368, 40.03491472530919, 116.3166932683444, 0.0, 2008-02-02 19:10:32-0300
1368, 40.035189651739366, 116.31594150474537, 0.0, 2008-02-02 19:10:32-0300
1368, 40.03525298167585, 116.31576771994906, 0.0, 2008-02-02 19:10:32-0300
1368, 40.03555119117091, 116.31497777212361, 0.0, 2008-02-02 19:10:32-0300
1368, 40.03597196271953, 116.31376053349139, 0.0, 2008-02-02 19:10:32-0300
1368, 40.036079251082526, 116.31320714160518, 0.0, 2008-02-02 19:10:32-0300
1368, 40.036374107816236, 116.31087809005852, 0.0, 2008-02-02 19:10:32-0300
1368, 40.03638453862931, 116.31041112490917, 0.0, 2008-02-02 19:10:32-0300
1368, 40.036348030783564, 116.30995254166318, 0.0, 2008-02-02 20:24:52-0300
1368, 40.036237948452786, 116.30941535479013, 0.0, 2008-02-02 20:24:51-0300
1368, 40.03609228959886, 116.30883663092933, 0.0, 2008-02-02 20:24:51-0300
1368, 40.03555715163552, 116.30683112085234, 0.0, 2008-02-02 20:24:51-0300
1368, 40.03522224803021, 116.30527599838248, 0.0, 2008-02-02 20:24:51-0300
1368, 40.035079941937624, 116.30467045243093, 0.0, 2008-02-02 20:24:51-0300
1368, 40.03503523845304, 116.30449797148626, 0.0, 2008-02-02 20:24:51-0300
1368, 40.03492087203833, 116.30454863543545, 0.0, 2008-02-02 20:24:51-0300
1368, 40.03446023988263, 116.30473992909654, 0.0, 2008-02-02 20:24:51-0300
1368, 40.03305152132477, 116.30520912942012, 0.0, 2008-02-02 20:24:51-0300
1368, 40.03171823989715, 116.30566193846603, 0.0, 2008-02-02 20:24:51-0300
1368, 40.0310590497641, 116.30587986795335, 0.0, 2008-02-02 20:24:51-0300
1368, 40.02973582662052, 116.3063164719861, 0.0, 2008-02-02 20:24:51-0300
1368, 40.02951044655242, 116.30639433055508, 0.0, 2008-02-02 20:24:51-0300
1368, 40.02813935342743, 116.30689016670487, 0.0, 2008-02-02 20:24:51-0300
1368, 40.027843751635636, 116.3069888869, 0.0, 2008-02-02 20:24:51-0300
1368, 40.02776328536339, 116.30701496393267, 0.0, 2008-02-02 20:24:51-0300
1368, 40.02751629861108, 116.30711722315365, 0.0, 2008-02-02 20:24:51-0300
1368, 40.02715867073444, 116.30720569880022, 0.0, 2008-02-02 20:24:51-0300
1368, 40.02664849221666, 116.30726008803978, 0.0, 2008-02-02 20:24:51-0300
1368, 40.02497453298363, 116.30743871571359, 0.0, 2008-02-02 20:24:51-0300
1368, 40.02488922383389, 116.30744821520406, 0.0, 2008-02-02 20:24:51-0300
1368, 40.021551549916374, 116.30782744976493, 0.0, 2008-02-02 20:24:51-0300
1368, 40.01940783156621, 116.30807108375589, 0.0, 2008-02-02 20:24:51-0300
1368, 40.01870077145176, 116.30817613694465, 0.0, 2008-02-02 20:24:51-0300
1368, 40.01845378469945, 116.30825995597824, 0.0, 2008-02-02 20:24:51-0300
1368, 40.01817476044986, 116.30844845567155, 0.0, 2008-02-02 20:24:51-0300
1368, 40.017705746390796, 116.30886736457498, 0.0, 2008-02-02 20:24:51-0300
1368, 40.01763608346066, 116.30895509516347, 0.0, 2008-02-02 20:24:51-0300
1368, 40.01704078205766, 116.3096550772262, 0.0, 2008-02-02 20:24:51-0300
1368, 40.01672282852358, 116.3100220183288, 0.0, 2008-02-02 20:24:51-0300
1368, 40.01665502823863, 116.31010043569134, 0.0, 2008-02-02 20:24:51-0300
1368, 40.016081519784365, 116.31064637699679, 0.0, 2008-02-02 20:24:51-0300
1368, 40.015696511023414, 116.31096824208576, 0.0, 2008-02-02 20:24:51-0300
1368, 40.01529511098478, 116.3112545306516, 0.0, 2008-02-02 20:24:51-0300
1368, 40.01482572439669, 116.31153541754638, 0.0, 2008-02-02 20:24:51-0300
1368, 40.014293939194694, 116.31174105357545, 0.0, 2008-02-02 20:24:51-0300
1368, 40.01370273561111, 116.31190105479735, 0.0, 2008-02-02 20:24:51-0300
1368, 40.012225844239275, 116.31208340776153, 0.0, 2008-02-02 20:24:51-0300
1368, 40.011444837110744, 116.31217411858232, 0.0, 2008-02-02 20:24:51-0300
1368, 40.01135561640611, 116.31218417686635, 0.0, 2008-02-02 20:24:51-0300
1368, 40.0083019958802, 116.31255968613684, 0.0, 2008-02-02 20:24:51-0300
1368, 40.00599548234035, 116.31287186547083, 0.0, 2008-02-02 20:24:51-0300
1368, 40.005705841013175, 116.31285305275439, 0.0, 2008-02-02 20:24:51-0300
1368, 40.00544283551223, 116.31274371548169, 0.0, 2008-02-02 20:24:51-0300
1368, 40.005246885238144, 116.31256005866587, 0.0, 2008-02-02 20:24:51-0300
1368, 40.00512339186199, 116.31232853186864, 0.0, 2008-02-02 20:24:51-0300
1368, 40.00503472995091, 116.31207837861952, 0.0, 2008-02-02 20:24:51-0300
1368, 40.00492818664599, 116.31086635539381, 0.0, 2008-02-02 20:24:51-0300
1368, 40.00484455387692, 116.31043850579348, 0.0, 2008-02-02 20:24:51-0300
1368, 40.00464934866092, 116.31001587159967, 0.0, 2008-02-02 20:24:51-0300
1368, 40.00441893945081, 116.30964688158735, 0.0, 2008-02-02 20:24:51-0300
1368, 40.00418536374387, 116.30938406235093, 0.0, 2008-02-02 20:24:51-0300
1368, 40.003988668411715, 116.30920562094164, 0.0, 2008-02-02 20:24:51-0300
1368, 40.00362358995431, 116.30900538658362, 0.0, 2008-02-02 20:24:51-0300
1368, 40.003263168109875, 116.30891430323379, 0.0, 2008-02-02 20:24:51-0300
1368, 40.00271499163021, 116.30889791195611, 0.0, 2008-02-02 20:24:51-0300
1368, 40.00107511880417, 116.30891542082091, 0.0, 2008-02-02 20:24:51-0300
1368, 40.000838376600406, 116.30901898389352, 0.0, 2008-02-02 20:24:51-0300
1368, 39.99964032321365, 116.30900464152555, 0.0, 2008-02-02 20:24:51-0300
1368, 39.998595938055125, 116.30899365191893, 0.0, 2008-02-02 20:24:51-0300
1368, 39.9984746798532, 116.30898806398335, 0.0, 2008-02-02 20:24:51-0300
1368, 39.99787006522425, 116.30895975177646, 0.0, 2008-02-02 20:24:51-0300
1368, 39.99728072428586, 116.30897893702192, 0.0, 2008-02-02 20:24:51-0300
1368, 39.99697152518417, 116.30900333767391, 0.0, 2008-02-02 20:24:51-0300
1368, 39.994210339953234, 116.30927882289765, 0.0, 2008-02-02 20:24:51-0300
1368, 39.99287333323523, 116.30939710086727, 0.0, 2008-02-02 20:24:51-0300
1368, 39.99262299372158, 116.30951575136592, 0.0, 2008-02-02 20:24:51-0300
1368, 39.991651810519066, 116.30960739350931, 0.0, 2008-02-02 20:24:51-0300
1368, 39.99090787002984, 116.30967742896848, 0.0, 2008-02-02 20:24:51-0300
1368, 39.99082591364144, 116.30968618340088, 0.0, 2008-02-02 20:24:51-0300
1368, 39.99078959206022, 116.30969084001387, 0.0, 2008-02-02 20:24:51-0300
1368, 39.99073427149805, 116.30969773180107, 0.0, 2008-02-02 20:24:51-0300
1368, 39.99064002165139, 116.30970741755607, 0.0, 2008-02-02 20:24:51-0300
1368, 39.98943209624511, 116.30978434480245, 0.0, 2008-02-02 20:24:51-0300
1368, 39.98881388430627, 116.30982234276433, 0.0, 2008-02-02 20:24:51-0300
1368, 39.98848941151402, 116.30984078295172, 0.0, 2008-02-02 20:24:51-0300
1368, 39.98628199069832, 116.3100268612063, 0.0, 2008-02-02 20:24:51-0300
1368, 39.98548533735019, 116.3100795740652, 0.0, 2008-02-02 20:24:51-0300
1368, 39.98502936180746, 116.3101009944849, 0.0, 2008-02-02 20:24:51-0300
1368, 39.9845085662121, 116.31012483634333, 0.0, 2008-02-02 20:24:51-0300
1368, 39.98442530597207, 116.31012874789823, 0.0, 2008-02-02 20:24:51-0300
1368, 39.98393207752553, 116.31019338168636, 0.0, 2008-02-02 20:24:51-0300
1368, 39.98295716903263, 116.3103265608175, 0.0, 2008-02-02 20:24:51-0300
1368, 39.98213536997442, 116.31039361604438, 0.0, 2008-02-02 20:24:51-0300
1368, 39.98148027766079, 116.31045098551625, 0.0, 2008-02-02 20:24:51-0300
1368, 39.981307796716116, 116.31046085753577, 0.0, 2008-02-02 20:24:51-0300
1368, 39.9812304969407, 116.3104670042649, 0.0, 2008-02-02 20:24:51-0300
1368, 39.98047277287706, 116.3105206484464, 0.0, 2008-02-02 20:24:51-0300
1368, 39.9795421953397, 116.31059645810566, 0.0, 2008-02-02 20:24:51-0300
1368, 39.97947215988052, 116.31060130098317, 0.0, 2008-02-02 20:24:51-0300
1368, 39.97867196750653, 116.31067692437792, 0.0, 2008-02-02 20:24:51-0300
1368, 39.97847173314851, 116.31066612103581, 0.0, 2008-02-02 20:24:51-0300
1368, 39.97775312463387, 116.31062253513834, 0.0, 2008-02-02 20:24:51-0300
1368, 39.977532214914234, 116.31058528223451, 0.0, 2008-02-02 20:24:51-0300
1368, 39.97740518251222, 116.31059254655077, 0.0, 2008-02-02 20:24:51-0300
1368, 39.9771356577531, 116.3106553176937, 0.0, 2008-02-02 20:24:51-0300
1368, 39.9767862255153, 116.31075739065015, 0.0, 2008-02-02 20:24:51-0300
1368, 39.97647944785236, 116.31084288606442, 0.0, 2008-02-02 20:24:51-0300
1368, 39.97597839629602, 116.3109930152668, 0.0, 2008-02-02 20:24:51-0300
1368, 39.974847770665164, 116.31132344852365, 0.0, 2008-02-02 20:24:51-0300
1368, 39.97481126281942, 116.31133518318836, 0.0, 2008-02-02 20:24:51-0300
1368, 39.974742158682844, 116.31135697613709, 0.0, 2008-02-02 20:24:51-0300
1368, 39.974678642481834, 116.31137727896967, 0.0, 2008-02-02 20:24:51-0300
1368, 39.974608234493616, 116.31139963071196, 0.0, 2008-02-02 20:24:51-0300
1368, 39.974570795325285, 116.31141155164119, 0.0, 2008-02-02 20:24:51-0300
1368, 39.97264537899149, 116.31222999793805, 0.0, 2008-02-02 20:24:51-0300
1368, 39.972303024805406, 116.31237453920487, 0.0, 2008-02-02 20:24:51-0300
1368, 39.97211340752497, 116.31245202524481, 0.0, 2008-02-02 20:24:51-0300
1368, 39.971210397136446, 116.31284895493498, 0.0, 2008-02-02 20:24:51-0300
1368, 39.96979013017841, 116.31343289420231, 0.0, 2008-02-02 20:24:51-0300
1368, 39.96890164842237, 116.31377301321416, 0.0, 2008-02-02 20:24:51-0300
1368, 39.96843952615051, 116.3139499645073, 0.0, 2008-02-02 20:24:51-0300
1368, 39.9675210558069, 116.3143014456548, 0.0, 2008-02-02 20:24:51-0300
1368, 39.96735975073337, 116.31436421679774, 0.0, 2008-02-02 20:24:51-0300
1368, 39.96582213712831, 116.31496361602017, 0.0, 2008-02-02 20:24:51-0300
1368, 39.9655673272662, 116.3150576796023, 0.0, 2008-02-02 20:24:51-0300
1368, 39.96543060910919, 116.31510797102246, 0.0, 2008-02-02 20:24:51-0300
1368, 39.96539149356018, 116.31512473482917, 0.0, 2008-02-02 20:24:51-0300
1368, 39.96476322333731, 116.3153923969431, 0.0, 2008-02-02 20:24:51-0300
1368, 39.96420219460582, 116.31562336494677, 0.0, 2008-02-02 20:24:51-0300
1368, 39.96341280557393, 116.31591617277077, 0.0, 2008-02-02 20:24:51-0300
1368, 39.96315240777624, 116.31598490437831, 0.0, 2008-02-02 20:24:51-0300
1368, 39.962477198894554, 116.31615179738742, 0.0, 2008-02-02 20:24:51-0300
1368, 39.96194131587315, 116.3162540566084, 0.0, 2008-02-02 20:24:51-0300
1368, 39.96130857530181, 116.31637494228129, 0.0, 2008-02-02 20:24:51-0300
1368, 39.959098919311884, 116.31666216216972, 0.0, 2008-02-02 20:24:51-0300
1368, 39.95675422154563, 116.31696670465843, 0.0, 2008-02-02 20:24:51-0300
1368, 39.955482221144784, 116.31712409817705, 0.0, 2008-02-02 20:24:51-0300
1368, 39.955459869402496, 116.31728912854096, 0.0, 2008-02-02 20:24:51-0300
1368, 39.955468437570374, 116.31744428688536, 0.0, 2008-02-02 20:24:51-0300
1368, 39.95571225782586, 116.32132864716638, 0.0, 2008-02-02 20:24:51-0300
1368, 39.955745599174776, 116.32185689334251, 0.0, 2008-02-02 20:24:51-0300
1368, 39.95595235279096, 116.32533854973327, 0.0, 2008-02-02 20:24:51-0300
1368, 39.95607528737356, 116.32730699317098, 0.0, 2008-02-02 20:24:51-0300
1368, 39.9561684196331, 116.32902044048205, 0.0, 2008-02-02 20:24:51-0300
1368, 39.95617847791713, 116.32920316597529, 0.0, 2008-02-02 20:24:51-0300
1368, 39.95644315979875, 116.33402518184539, 0.0, 2008-02-02 20:24:51-0300
1368, 39.956483206670356, 116.33463389429377, 0.0, 2008-02-02 20:24:51-0300
1368, 39.95650015674159, 116.33495613191178, 0.0, 2008-02-02 20:24:51-0300
1368, 39.956583044452586, 116.3365732804665, 0.0, 2008-02-02 20:24:51-0300
1368, 39.956772847997534, 116.340027928502, 0.0, 2008-02-02 20:24:51-0300
1368, 39.955945833532795, 116.34031831488724, 0.0, 2008-02-02 20:24:51-0300
1368, 39.954811482611554, 116.34069140271897, 0.0, 2008-02-02 20:24:51-0300
1368, 39.95305556699013, 116.34118686633975, 0.0, 2008-02-02 20:24:51-0300
1368, 39.95299652113758, 116.34120512026261, 0.0, 2008-02-02 20:24:51-0300
1368, 39.952512047123435, 116.34135599452308, 0.0, 2008-02-02 20:24:51-0300
1368, 39.952379426785846, 116.34139287489786, 0.0, 2008-02-02 20:24:51-0300
1368, 39.952100030007216, 116.34147706646048, 0.0, 2008-02-02 20:24:51-0300
1368, 39.95192587268187, 116.34153741616467, 0.0, 2008-02-02 20:24:51-0300
1368, 39.95118603001206, 116.34173522908394, 0.0, 2008-02-02 20:24:51-0300
1368, 39.948810412335625, 116.34238436093295, 0.0, 2008-02-02 20:24:51-0300
1368, 39.94856528822851, 116.34245290627598, 0.0, 2008-02-02 20:24:51-0300
1368, 39.944136476758196, 116.34369082026983, 0.0, 2008-02-02 20:24:51-0300
1368, 39.944007022917425, 116.34372695558653, 0.0, 2008-02-02 20:24:51-0300
1368, 39.943791887397886, 116.34372751438009, 0.0, 2008-02-02 20:24:51-0300
1368, 39.94311202190322, 116.34391079866687, 0.0, 2008-02-02 20:24:51-0300
1368, 39.942995234049754, 116.34384895884654, 0.0, 2008-02-02 20:24:51-0300
1368, 39.94286838791225, 116.34378208988417, 0.0, 2008-02-02 20:24:51-0300
1368, 39.942819772872774, 116.34391713166052, 0.0, 2008-02-02 20:24:51-0300
1368, 39.94272291532285, 116.34414418810928, 0.0, 2008-02-02 20:24:51-0300
1368, 39.94258507957872, 116.34446679825633, 0.0, 2008-02-02 20:24:51-0300
1368, 39.942435881698934, 116.3447299900218, 0.0, 2008-02-02 20:24:51-0300
1368, 39.94235485663313, 116.34482032831356, 0.0, 2008-02-02 20:24:51-0300
1368, 39.94219038506278, 116.34500435765842, 0.0, 2008-02-02 20:24:51-0300
1368, 39.94197524954323, 116.34515355553822, 0.0, 2008-02-02 20:24:51-0300
1368, 39.94157794732402, 116.34532883045067, 0.0, 2008-02-02 20:24:51-0300
1368, 39.94150884318744, 116.34534894701873, 0.0, 2008-02-02 20:24:51-0300
1368, 39.94142372030222, 116.34539514061947, 0.0, 2008-02-02 20:24:51-0300
1368, 39.94109775739382, 116.34543425616847, 0.0, 2008-02-02 20:24:51-0300
1368, 39.94100872295369, 116.34545735296884, 0.0, 2008-02-02 20:24:51-0300
1368, 39.94016550347579, 116.34562703994573, 0.0, 2008-02-02 20:24:51-0300
1368, 39.9389359713853, 116.34583621500066, 0.0, 2008-02-02 20:24:51-0300
1368, 39.93891529602368, 116.3456832918305, 0.0, 2008-02-02 20:24:51-0300
1368, 39.938894806926584, 116.34543313858136, 0.0, 2008-02-02 20:24:51-0300
1368, 39.93881899726731, 116.34484547402364, 0.0, 2008-02-02 20:24:51-0300
1368, 39.938761441530914, 116.34429487610522, 0.0, 2008-02-02 20:24:51-0300
1368, 39.93858616661846, 116.34320578746213, 0.0, 2008-02-02 20:24:51-0300
1368, 39.938532336172436, 116.34279097637813, 0.0, 2008-02-02 20:24:51-0300
1368, 39.93845522266154, 116.34247376790212, 0.0, 2008-02-02 21:18:08-0300
1368, 39.938343650214605, 116.3420256154692, 0.0, 2008-02-02 21:18:07-0300
1368, 39.938310122601166, 116.34189075995738, 0.0, 2008-02-02 21:18:07-0300
1368, 39.9379083500335, 116.34078285859785, 0.0, 2008-02-02 21:18:07-0300
1368, 39.937561525498964, 116.33971407278733, 0.0, 2008-02-02 21:18:07-0300
1368, 39.93749372521401, 116.33941809846651, 0.0, 2008-02-02 21:18:07-0300
1368, 39.93728604027523, 116.33863858145412, 0.0, 2008-02-02 21:18:07-0300
1368, 39.93720743664818, 116.33784565339637, 0.0, 2008-02-02 21:18:07-0300
1368, 39.93708096303972, 116.33483394238726, 0.0, 2008-02-02 21:18:07-0300
1368, 39.93689115949477, 116.33053141826089, 0.0, 2008-02-02 21:18:07-0300
1368, 39.93686638631373, 116.32959115496854, 0.0, 2008-02-02 21:18:07-0300
1368, 39.936872905571896, 116.32880288352376, 0.0, 2008-02-02 21:18:07-0300
1368, 39.93689525731419, 116.32782778876636, 0.0, 2008-02-02 21:18:07-0300
1368, 39.936965851566924, 116.32680705920176, 0.0, 2008-02-02 21:18:07-0300
1368, 39.937087668562405, 116.32469556461339, 0.0, 2008-02-02 21:18:07-0300
1368, 39.93725083628112, 116.32365192451294, 0.0, 2008-02-02 21:18:07-0300
1368, 39.937301872759356, 116.32341313339948, 0.0, 2008-02-02 21:18:07-0300
1368, 39.93737637856699, 116.32244884198417, 0.0, 2008-02-02 21:23:20-0300
